id1,title1,employer1,source1,id2,title2,employer2,source2,similarity
"9ef4f84a-221d-4d28-bc95-ef80f1173ccf","Psychiatric Nurse Practitioner (PMHNP) - Park Ridge, IL","LifeStance Health","jooble","e4bc909d-7f01-44c3-89e3-69cc127f44c7","Psychiatric Nurse Practitioner (PMHNP) - Lincoln Park, IL","LifeStance Health","jooble",0.833
"9ef4f84a-221d-4d28-bc95-ef80f1173ccf","Psychiatric Nurse Practitioner (PMHNP) - Park Ridge, IL","LifeStance Health","jooble","a1ced8e2-aa63-4937-95f0-d75b8c74f15d","Psychiatric Nurse Practitioner (PMHNP) - Highland Park, IL","LifeStance Health","jooble",0.833
"74c70e8e-2b60-478b-b094-5a56752a54dd","PMHNP Nurse Practitioner Lincoln Park South","LifeStance Health","lever","e4bc909d-7f01-44c3-89e3-69cc127f44c7","Psychiatric Nurse Practitioner (PMHNP) - Lincoln Park, IL","LifeStance Health","jooble",0.833
"e4bc909d-7f01-44c3-89e3-69cc127f44c7","Psychiatric Nurse Practitioner (PMHNP) - Lincoln Park, IL","LifeStance Health","jooble","a1ced8e2-aa63-4937-95f0-d75b8c74f15d","Psychiatric Nurse Practitioner (PMHNP) - Highland Park, IL","LifeStance Health","jooble",0.833
"39356738-853d-4370-a3c2-67038e756094","Psychiatric Nurse Practitioner (PMHNP) - Elmhurst, IL","LifeStance Health","jooble","28195c8d-98d3-457e-94a7-da3237b08015","Psychiatric Nurse Practitioner (PMHNP) - Springfield, IL","LifeStance Health","jooble",0.800
"39356738-853d-4370-a3c2-67038e756094","Psychiatric Nurse Practitioner (PMHNP) - Elmhurst, IL","LifeStance Health","jooble","19bd8f6e-9bac-4011-bfee-2f5b8e581d76","Psychiatric Nurse Practitioner (PMHNP) - Northbrook, IL","LifeStance Health","jooble",0.800
"28195c8d-98d3-457e-94a7-da3237b08015","Psychiatric Nurse Practitioner (PMHNP) - Springfield, IL","LifeStance Health","jooble","19bd8f6e-9bac-4011-bfee-2f5b8e581d76","Psychiatric Nurse Practitioner (PMHNP) - Northbrook, IL","LifeStance Health","jooble",0.800
"891a77c3-e355-4b82-addc-f02957ee7754","Psychiatric Nurse Practitioner (PMHNP) - Malden, MA","LifeStance Health","jooble","d2caaa70-1420-48a7-b69e-a6d78e529953","Psychiatric Nurse Practitioner (PMHNP) - Framingham, MA","LifeStance Health","jooble",0.800
"891a77c3-e355-4b82-addc-f02957ee7754","Psychiatric Nurse Practitioner (PMHNP) - Malden, MA","LifeStance Health","jooble","421e1388-beaa-464d-af53-d1510739407b","Psychiatric Nurse Practitioner (PMHNP) - Marlborough, MA","LifeStance Health","jooble",0.800
"efed930e-f204-4d78-82c5-e15f35aa5a30","Psychiatrist (Child or Adult)","LifeStance Health","lever","a7e588e5-0f96-4b7a-9aa9-ed7660926e72","Outpatient Psychiatrist (Child or Adult)","LifeStance Health","lever",0.857
"d2caaa70-1420-48a7-b69e-a6d78e529953","Psychiatric Nurse Practitioner (PMHNP) - Framingham, MA","LifeStance Health","jooble","421e1388-beaa-464d-af53-d1510739407b","Psychiatric Nurse Practitioner (PMHNP) - Marlborough, MA","LifeStance Health","jooble",0.800
"5bcb4a1a-6668-44cb-ac28-edd66c886604","Psychologist PhD, PsyD","LifeStance Health","adzuna","2fba7175-1619-4c1b-a41a-e028fbbcd1a9","Clinical Psychologist PhD, PsyD","LifeStance Health","adzuna",0.857
"5068c12d-9d5a-4fd6-80a2-138718d019e3","Staff Psychiatric Nurse Practitioner- National","Talkiatry","lever","25e591f4-d8bf-49f9-8613-0b06cbee8afc","Staff Psychiatric Nurse Practitioner - Tennessee","Talkiatry","lever",0.800
"5068c12d-9d5a-4fd6-80a2-138718d019e3","Staff Psychiatric Nurse Practitioner- National","Talkiatry","lever","086dddd6-f125-4971-997c-f973df1cabd5","Staff Psychiatric Nurse Practitioner - Pennsylvania","Talkiatry","lever",0.800
"5068c12d-9d5a-4fd6-80a2-138718d019e3","Staff Psychiatric Nurse Practitioner- National","Talkiatry","lever","ec01eca5-b9ae-4b07-8070-62b7a9a67315","Staff Psychiatric Nurse Practitioner - Mississippi","Talkiatry","lever",0.800
"5068c12d-9d5a-4fd6-80a2-138718d019e3","Staff Psychiatric Nurse Practitioner- National","Talkiatry","lever","c6c9377b-c45b-4742-bbea-adb0d9d3405e","Staff Psychiatric Nurse Practitioner - Louisiana","Talkiatry","lever",0.800
"5068c12d-9d5a-4fd6-80a2-138718d019e3","Staff Psychiatric Nurse Practitioner- National","Talkiatry","lever","e0254f16-35b6-429e-b47d-a5e7352d9d6a","Staff Psychiatric Nurse Practitioner - Kentucky","Talkiatry","lever",0.800
"5068c12d-9d5a-4fd6-80a2-138718d019e3","Staff Psychiatric Nurse Practitioner- National","Talkiatry","lever","3d39f75c-d1b1-4b9b-977f-518b7df79556","Staff Psychiatric Nurse Practitioner - Idaho","Talkiatry","lever",0.800
"5068c12d-9d5a-4fd6-80a2-138718d019e3","Staff Psychiatric Nurse Practitioner- National","Talkiatry","lever","8be2826e-e9b0-424d-b2b6-b27cfee3dd8b","Staff Psychiatric Nurse Practitioner - Georgia","Talkiatry","lever",0.800
"5068c12d-9d5a-4fd6-80a2-138718d019e3","Staff Psychiatric Nurse Practitioner- National","Talkiatry","lever","37ae0f8f-3f4f-4333-9041-ac2c1a0874af","Staff Psychiatric Nurse Practitioner - Delaware","Talkiatry","lever",0.800
"25e591f4-d8bf-49f9-8613-0b06cbee8afc","Staff Psychiatric Nurse Practitioner - Tennessee","Talkiatry","lever","086dddd6-f125-4971-997c-f973df1cabd5","Staff Psychiatric Nurse Practitioner - Pennsylvania","Talkiatry","lever",0.800
"25e591f4-d8bf-49f9-8613-0b06cbee8afc","Staff Psychiatric Nurse Practitioner - Tennessee","Talkiatry","lever","ec01eca5-b9ae-4b07-8070-62b7a9a67315","Staff Psychiatric Nurse Practitioner - Mississippi","Talkiatry","lever",0.800
"25e591f4-d8bf-49f9-8613-0b06cbee8afc","Staff Psychiatric Nurse Practitioner - Tennessee","Talkiatry","lever","c6c9377b-c45b-4742-bbea-adb0d9d3405e","Staff Psychiatric Nurse Practitioner - Louisiana","Talkiatry","lever",0.800
"25e591f4-d8bf-49f9-8613-0b06cbee8afc","Staff Psychiatric Nurse Practitioner - Tennessee","Talkiatry","lever","e0254f16-35b6-429e-b47d-a5e7352d9d6a","Staff Psychiatric Nurse Practitioner - Kentucky","Talkiatry","lever",0.800
"25e591f4-d8bf-49f9-8613-0b06cbee8afc","Staff Psychiatric Nurse Practitioner - Tennessee","Talkiatry","lever","3d39f75c-d1b1-4b9b-977f-518b7df79556","Staff Psychiatric Nurse Practitioner - Idaho","Talkiatry","lever",0.800
"25e591f4-d8bf-49f9-8613-0b06cbee8afc","Staff Psychiatric Nurse Practitioner - Tennessee","Talkiatry","lever","8be2826e-e9b0-424d-b2b6-b27cfee3dd8b","Staff Psychiatric Nurse Practitioner - Georgia","Talkiatry","lever",0.800
"25e591f4-d8bf-49f9-8613-0b06cbee8afc","Staff Psychiatric Nurse Practitioner - Tennessee","Talkiatry","lever","37ae0f8f-3f4f-4333-9041-ac2c1a0874af","Staff Psychiatric Nurse Practitioner - Delaware","Talkiatry","lever",0.800
"086dddd6-f125-4971-997c-f973df1cabd5","Staff Psychiatric Nurse Practitioner - Pennsylvania","Talkiatry","lever","ec01eca5-b9ae-4b07-8070-62b7a9a67315","Staff Psychiatric Nurse Practitioner - Mississippi","Talkiatry","lever",0.800
"086dddd6-f125-4971-997c-f973df1cabd5","Staff Psychiatric Nurse Practitioner - Pennsylvania","Talkiatry","lever","c6c9377b-c45b-4742-bbea-adb0d9d3405e","Staff Psychiatric Nurse Practitioner - Louisiana","Talkiatry","lever",0.800
"086dddd6-f125-4971-997c-f973df1cabd5","Staff Psychiatric Nurse Practitioner - Pennsylvania","Talkiatry","lever","e0254f16-35b6-429e-b47d-a5e7352d9d6a","Staff Psychiatric Nurse Practitioner - Kentucky","Talkiatry","lever",0.800
"086dddd6-f125-4971-997c-f973df1cabd5","Staff Psychiatric Nurse Practitioner - Pennsylvania","Talkiatry","lever","3d39f75c-d1b1-4b9b-977f-518b7df79556","Staff Psychiatric Nurse Practitioner - Idaho","Talkiatry","lever",0.800
"086dddd6-f125-4971-997c-f973df1cabd5","Staff Psychiatric Nurse Practitioner - Pennsylvania","Talkiatry","lever","8be2826e-e9b0-424d-b2b6-b27cfee3dd8b","Staff Psychiatric Nurse Practitioner - Georgia","Talkiatry","lever",0.800
"086dddd6-f125-4971-997c-f973df1cabd5","Staff Psychiatric Nurse Practitioner - Pennsylvania","Talkiatry","lever","37ae0f8f-3f4f-4333-9041-ac2c1a0874af","Staff Psychiatric Nurse Practitioner - Delaware","Talkiatry","lever",0.800
"ec01eca5-b9ae-4b07-8070-62b7a9a67315","Staff Psychiatric Nurse Practitioner - Mississippi","Talkiatry","lever","c6c9377b-c45b-4742-bbea-adb0d9d3405e","Staff Psychiatric Nurse Practitioner - Louisiana","Talkiatry","lever",0.800
"ec01eca5-b9ae-4b07-8070-62b7a9a67315","Staff Psychiatric Nurse Practitioner - Mississippi","Talkiatry","lever","e0254f16-35b6-429e-b47d-a5e7352d9d6a","Staff Psychiatric Nurse Practitioner - Kentucky","Talkiatry","lever",0.800
"ec01eca5-b9ae-4b07-8070-62b7a9a67315","Staff Psychiatric Nurse Practitioner - Mississippi","Talkiatry","lever","3d39f75c-d1b1-4b9b-977f-518b7df79556","Staff Psychiatric Nurse Practitioner - Idaho","Talkiatry","lever",0.800
"ec01eca5-b9ae-4b07-8070-62b7a9a67315","Staff Psychiatric Nurse Practitioner - Mississippi","Talkiatry","lever","8be2826e-e9b0-424d-b2b6-b27cfee3dd8b","Staff Psychiatric Nurse Practitioner - Georgia","Talkiatry","lever",0.800
"ec01eca5-b9ae-4b07-8070-62b7a9a67315","Staff Psychiatric Nurse Practitioner - Mississippi","Talkiatry","lever","37ae0f8f-3f4f-4333-9041-ac2c1a0874af","Staff Psychiatric Nurse Practitioner - Delaware","Talkiatry","lever",0.800
"c6c9377b-c45b-4742-bbea-adb0d9d3405e","Staff Psychiatric Nurse Practitioner - Louisiana","Talkiatry","lever","e0254f16-35b6-429e-b47d-a5e7352d9d6a","Staff Psychiatric Nurse Practitioner - Kentucky","Talkiatry","lever",0.800
"c6c9377b-c45b-4742-bbea-adb0d9d3405e","Staff Psychiatric Nurse Practitioner - Louisiana","Talkiatry","lever","3d39f75c-d1b1-4b9b-977f-518b7df79556","Staff Psychiatric Nurse Practitioner - Idaho","Talkiatry","lever",0.800
"c6c9377b-c45b-4742-bbea-adb0d9d3405e","Staff Psychiatric Nurse Practitioner - Louisiana","Talkiatry","lever","8be2826e-e9b0-424d-b2b6-b27cfee3dd8b","Staff Psychiatric Nurse Practitioner - Georgia","Talkiatry","lever",0.800
"c6c9377b-c45b-4742-bbea-adb0d9d3405e","Staff Psychiatric Nurse Practitioner - Louisiana","Talkiatry","lever","37ae0f8f-3f4f-4333-9041-ac2c1a0874af","Staff Psychiatric Nurse Practitioner - Delaware","Talkiatry","lever",0.800
"e0254f16-35b6-429e-b47d-a5e7352d9d6a","Staff Psychiatric Nurse Practitioner - Kentucky","Talkiatry","lever","3d39f75c-d1b1-4b9b-977f-518b7df79556","Staff Psychiatric Nurse Practitioner - Idaho","Talkiatry","lever",0.800
"e0254f16-35b6-429e-b47d-a5e7352d9d6a","Staff Psychiatric Nurse Practitioner - Kentucky","Talkiatry","lever","8be2826e-e9b0-424d-b2b6-b27cfee3dd8b","Staff Psychiatric Nurse Practitioner - Georgia","Talkiatry","lever",0.800
"e0254f16-35b6-429e-b47d-a5e7352d9d6a","Staff Psychiatric Nurse Practitioner - Kentucky","Talkiatry","lever","37ae0f8f-3f4f-4333-9041-ac2c1a0874af","Staff Psychiatric Nurse Practitioner - Delaware","Talkiatry","lever",0.800
"3d39f75c-d1b1-4b9b-977f-518b7df79556","Staff Psychiatric Nurse Practitioner - Idaho","Talkiatry","lever","8be2826e-e9b0-424d-b2b6-b27cfee3dd8b","Staff Psychiatric Nurse Practitioner - Georgia","Talkiatry","lever",0.800
"3d39f75c-d1b1-4b9b-977f-518b7df79556","Staff Psychiatric Nurse Practitioner - Idaho","Talkiatry","lever","37ae0f8f-3f4f-4333-9041-ac2c1a0874af","Staff Psychiatric Nurse Practitioner - Delaware","Talkiatry","lever",0.800
"8be2826e-e9b0-424d-b2b6-b27cfee3dd8b","Staff Psychiatric Nurse Practitioner - Georgia","Talkiatry","lever","37ae0f8f-3f4f-4333-9041-ac2c1a0874af","Staff Psychiatric Nurse Practitioner - Delaware","Talkiatry","lever",0.800
"40a26167-cfbf-4472-acaa-068480344b18","$4,000 Signing Bonus - Psychiatric Mental Health NP PMHNP","LifeSource, Inc.","adzuna","0b67dd37-bd0f-4635-a058-ce6591d51233","$5,000 Signing Bonus PMHNP Psychiatric Mental Health NP","LifeSource, Inc.","adzuna",0.857
"40a26167-cfbf-4472-acaa-068480344b18","$4,000 Signing Bonus - Psychiatric Mental Health NP PMHNP","LifeSource, Inc.","adzuna","90e6da56-2cfc-4cf1-b1ea-f06416e75016","Signing Bonus $5,000 PMHNP Psychiatric Mental Health NP","LifeSource, Inc.","adzuna",0.857
"9e757e56-55d4-4ae8-84eb-ff8f3f98fdf0","Psychiatric Mental Health NP PMHNP","LifeSource, Inc.","adzuna","c51ddae4-a991-4141-aa32-91572d4f1f62","PMHNP Psychiatric Mental Health NP","LifeSource, Inc.","adzuna",1.000
"44facbad-e912-4c7f-8b32-9758bf5dced1","Part Time Remote Psychiatric Nurse Practitioner - Fee For Service (Lake Oswego)","Thriveworks","adzuna","ce7a90a1-e260-440a-856c-151258966ce0","Part Time Remote Psychiatric Nurse Practitioner - Fee For Service","Thriveworks","adzuna",0.900
"56e39ec8-10e2-4118-a34f-710717782d55","LPC, LMFT, LMHC, or Psychologist (Essex, MD)","Supportive Care","adzuna","12493fa7-534d-4d21-b380-685b55cbc026","LPC, LMFT, LMHC, or Psychologist","Supportive Care","adzuna",0.889
"0b67dd37-bd0f-4635-a058-ce6591d51233","$5,000 Signing Bonus PMHNP Psychiatric Mental Health NP","LifeSource, Inc.","adzuna","90e6da56-2cfc-4cf1-b1ea-f06416e75016","Signing Bonus $5,000 PMHNP Psychiatric Mental Health NP","LifeSource, Inc.","adzuna",1.000
"dafcfbf0-8706-4d18-803e-2b21ce386e1c","Child & Adolescent PMHNP @ Pittsburgh (Multiple Clinic Locations)","LifeStance Health","lever","3fe5b27b-ff5c-461c-861e-58711a86aed4","Child & Adolescent PMHNP @ Philadelphia (Multiple Clinic Locations)","LifeStance Health","lever",0.857
"c34d2317-775c-4c26-b167-7728a629fee1","Psychiatric Mental Health Nurse Practitioner with 2 years experience as a PMHNP! with a sign on bonus!","LifeStance Health","lever","f626929e-9388-44ee-81a1-311e20d2ac98","Psychiatric Mental Health Nurse Practitioner with 2 years experience as a PMHNP, sign on bonus!","LifeStance Health","lever",1.000
"c34d2317-775c-4c26-b167-7728a629fee1","Psychiatric Mental Health Nurse Practitioner with 2 years experience as a PMHNP! with a sign on bonus!","LifeStance Health","lever","7a413b9a-0b56-4745-9a9d-be68d260ad3b","Psychiatric Mental Health NP (PMHNP) with 2 years experience as a PMHNP!, sign on bonus!","LifeStance Health","lever",0.900
"f626929e-9388-44ee-81a1-311e20d2ac98","Psychiatric Mental Health Nurse Practitioner with 2 years experience as a PMHNP, sign on bonus!","LifeStance Health","lever","7a413b9a-0b56-4745-9a9d-be68d260ad3b","Psychiatric Mental Health NP (PMHNP) with 2 years experience as a PMHNP!, sign on bonus!","LifeStance Health","lever",0.900
"37e61458-acd0-4099-8258-60747e75f69d","Psychiatric Nurse Practitioner (PMHNP) - Outpatient","LifeStance Health","lever","b5f3950a-2ade-42e9-8c19-744d34f51155","Psychiatric Nurse Practitioner (PMHNP) - Outpatient -Kansas City-MO","LifeStance Health","adzuna",0.833
"f731ada0-07cd-450f-b262-4c1efbce2c43","Psychiatric Nurse Practitioner (PMHNP) - Outpatient","LifeStance Health","lever","3b01bfaa-893a-413a-80ea-fbddae6f3ac4","Psychiatric Nurse Practitioner (PMHNP) - Hybrid","LifeStance Health","lever",0.800
"f731ada0-07cd-450f-b262-4c1efbce2c43","Psychiatric Nurse Practitioner (PMHNP) - Outpatient","LifeStance Health","lever","d1720653-229f-4acc-8f45-4235b27b19da","Psychiatric Mental Health Nurse Practitioner (PMHNP) - Outpatient","LifeStance Health","lever",0.833
"f731ada0-07cd-450f-b262-4c1efbce2c43","Psychiatric Nurse Practitioner (PMHNP) - Outpatient","LifeStance Health","lever","e4b32903-731c-4ea1-bbc3-d81ee2c2c621","Psychiatric Nurse Practitioner (PMHNP) - Burlingame, CA","LifeStance Health","jooble",0.800
"f731ada0-07cd-450f-b262-4c1efbce2c43","Psychiatric Nurse Practitioner (PMHNP) - Outpatient","LifeStance Health","lever","4b13e55f-2b0e-4857-a88e-71e913db3f53","Psychiatric Nurse Practitioner (PMHNP) - Farmington, CA","LifeStance Health","adzuna",0.800
"3b01bfaa-893a-413a-80ea-fbddae6f3ac4","Psychiatric Nurse Practitioner (PMHNP) - Hybrid","LifeStance Health","lever","e4b32903-731c-4ea1-bbc3-d81ee2c2c621","Psychiatric Nurse Practitioner (PMHNP) - Burlingame, CA","LifeStance Health","jooble",0.800
"3b01bfaa-893a-413a-80ea-fbddae6f3ac4","Psychiatric Nurse Practitioner (PMHNP) - Hybrid","LifeStance Health","lever","4b13e55f-2b0e-4857-a88e-71e913db3f53","Psychiatric Nurse Practitioner (PMHNP) - Farmington, CA","LifeStance Health","adzuna",0.800
"d1720653-229f-4acc-8f45-4235b27b19da","Psychiatric Mental Health Nurse Practitioner (PMHNP) - Outpatient","LifeStance Health","lever","bdc197ff-ef21-40a1-897a-4d4425f9f429","Psychiatric Mental Health Nurse Practitioner (PMHNP) - Hybrid Schedule","LifeStance Health","lever",0.800
"d1720653-229f-4acc-8f45-4235b27b19da","Psychiatric Mental Health Nurse Practitioner (PMHNP) - Outpatient","LifeStance Health","lever","33ad4d2d-bbcf-4632-b6b2-acf14e2596fa","Psychiatric - Mental Health Nurse Practitioner","LifeStance Health","jooble",0.833
"d1720653-229f-4acc-8f45-4235b27b19da","Psychiatric Mental Health Nurse Practitioner (PMHNP) - Outpatient","LifeStance Health","lever","d08f76f6-5373-4687-b3e7-07ee1c9777d9","Psychiatric Mental Health Nurse Practitioner (PMHNP) - Outpatient - La Mesa, CA","LifeStance Health","jooble",0.933
"bdc197ff-ef21-40a1-897a-4d4425f9f429","Psychiatric Mental Health Nurse Practitioner (PMHNP) - Hybrid Schedule","LifeStance Health","lever","e8d64645-cecc-46a0-9ba8-5539e7c86f55","Psychiatric Mental Health Nurse Practitioner - Hybrid","LifeStance Health","lever",0.857
"bdc197ff-ef21-40a1-897a-4d4425f9f429","Psychiatric Mental Health Nurse Practitioner (PMHNP) - Hybrid Schedule","LifeStance Health","lever","b460359a-4f21-4baf-aa4a-bbf3b5b165c7","Psychiatric Mental Health Nurse Practitioner (PMHNP) - Hybrid Schedule - Goleta, CA","LifeStance Health","jooble",0.941
"bdc197ff-ef21-40a1-897a-4d4425f9f429","Psychiatric Mental Health Nurse Practitioner (PMHNP) - Hybrid Schedule","LifeStance Health","lever","19109ac8-557f-4973-a08e-2b815e6a37a7","Psychiatric Mental Health Nurse Practitioner (PMHNP) - Hybrid Schedule - Lompoc, CA","LifeStance Health","jooble",0.941
"e8d64645-cecc-46a0-9ba8-5539e7c86f55","Psychiatric Mental Health Nurse Practitioner - Hybrid","LifeStance Health","lever","33ad4d2d-bbcf-4632-b6b2-acf14e2596fa","Psychiatric - Mental Health Nurse Practitioner","LifeStance Health","jooble",0.909
"e8d64645-cecc-46a0-9ba8-5539e7c86f55","Psychiatric Mental Health Nurse Practitioner - Hybrid","LifeStance Health","lever","b460359a-4f21-4baf-aa4a-bbf3b5b165c7","Psychiatric Mental Health Nurse Practitioner (PMHNP) - Hybrid Schedule - Goleta, CA","LifeStance Health","jooble",0.800
"e8d64645-cecc-46a0-9ba8-5539e7c86f55","Psychiatric Mental Health Nurse Practitioner - Hybrid","LifeStance Health","lever","21a06bd5-b529-49c2-8ca7-fbbc77c1afb2","Psychiatric Mental Health Nurse Practitioner - La Mesa, CA","LifeStance Health","jooble",0.833
"e8d64645-cecc-46a0-9ba8-5539e7c86f55","Psychiatric Mental Health Nurse Practitioner - Hybrid","LifeStance Health","lever","19109ac8-557f-4973-a08e-2b815e6a37a7","Psychiatric Mental Health Nurse Practitioner (PMHNP) - Hybrid Schedule - Lompoc, CA","LifeStance Health","jooble",0.800
"e8d64645-cecc-46a0-9ba8-5539e7c86f55","Psychiatric Mental Health Nurse Practitioner - Hybrid","LifeStance Health","lever","544508ca-0bde-4e6b-8eee-aae88b66b34b","Psychiatric Mental Health Nurse Practitioner - Hybrid - San Diego, CA","LifeStance Health","jooble",0.857
"33ad4d2d-bbcf-4632-b6b2-acf14e2596fa","Psychiatric - Mental Health Nurse Practitioner","LifeStance Health","jooble","54b684fc-dada-409d-b6e9-7fff6310ac87","Psychiatric Mental Health Nurse Practitioner - San Diego, CA","LifeStance Health","jooble",0.833
"33ad4d2d-bbcf-4632-b6b2-acf14e2596fa","Psychiatric - Mental Health Nurse Practitioner","LifeStance Health","jooble","2590a68d-d8fb-4fc5-a4fb-545e226c0971","Psychiatric Mental Health Nurse Practitioner - Los Angeles, CA","LifeStance Health","jooble",0.833
"33ad4d2d-bbcf-4632-b6b2-acf14e2596fa","Psychiatric - Mental Health Nurse Practitioner","LifeStance Health","jooble","21a06bd5-b529-49c2-8ca7-fbbc77c1afb2","Psychiatric Mental Health Nurse Practitioner - La Mesa, CA","LifeStance Health","jooble",0.909
"33ad4d2d-bbcf-4632-b6b2-acf14e2596fa","Psychiatric - Mental Health Nurse Practitioner","LifeStance Health","jooble","5b8ad68b-9e15-4e9c-b7e2-4f518a505895","Psychiatric Mental Health Nurse Practitioner - Culver City, CA","LifeStance Health","jooble",0.833
"33ad4d2d-bbcf-4632-b6b2-acf14e2596fa","Psychiatric - Mental Health Nurse Practitioner","LifeStance Health","jooble","fe8bd325-d992-49ac-8d79-5ea34fa5fc7f","Psychiatric Mental Health Nurse Practitioner - Walnut Creek, CA","LifeStance Health","jooble",0.833
"b460359a-4f21-4baf-aa4a-bbf3b5b165c7","Psychiatric Mental Health Nurse Practitioner (PMHNP) - Hybrid Schedule - Goleta, CA","LifeStance Health","jooble","19109ac8-557f-4973-a08e-2b815e6a37a7","Psychiatric Mental Health Nurse Practitioner (PMHNP) - Hybrid Schedule - Lompoc, CA","LifeStance Health","jooble",0.889
"54b684fc-dada-409d-b6e9-7fff6310ac87","Psychiatric Mental Health Nurse Practitioner - San Diego, CA","LifeStance Health","jooble","544508ca-0bde-4e6b-8eee-aae88b66b34b","Psychiatric Mental Health Nurse Practitioner - Hybrid - San Diego, CA","LifeStance Health","jooble",0.933
"21a06bd5-b529-49c2-8ca7-fbbc77c1afb2","Psychiatric Mental Health Nurse Practitioner - La Mesa, CA","LifeStance Health","jooble","d08f76f6-5373-4687-b3e7-07ee1c9777d9","Psychiatric Mental Health Nurse Practitioner (PMHNP) - Outpatient - La Mesa, CA","LifeStance Health","jooble",0.857
"e4b32903-731c-4ea1-bbc3-d81ee2c2c621","Psychiatric Nurse Practitioner (PMHNP) - Burlingame, CA","LifeStance Health","jooble","4b13e55f-2b0e-4857-a88e-71e913db3f53","Psychiatric Nurse Practitioner (PMHNP) - Farmington, CA","LifeStance Health","adzuna",0.800
"589fb7f9-0cc2-4ff5-9d3a-83c43b3e158f","Physician- Family Medicine","Open Door Health Services","adzuna","8ae6db9c-43f6-43ab-bb28-4e67e5d38530","Physician - Family Medicine - Obstetrics","Open Door Health Services","adzuna",0.857
"a654114c-b275-46c8-b1e5-a7820c5e9710","PRN - Psychiatric APP - PA / PMHNP","ALLY Psychiatry","adzuna","9b713f78-558b-4a6f-a9c8-bee8e461fe96","PRN - Psychiatric APP - PA / PMHNP","ALLY Psychiatry Career Page","adzuna",1.000
"f78086ed-14bf-4c52-95d7-85c5b16a03bf","Mental Health Nurse Practitioner (Greenwood, SC)","OnSite Medical Solutions","adzuna","e248ec98-7af7-448b-8a13-19ea15b54a84","Mental Health Nurse Practitioner (Charleston, SC)","OnSite Medical Solutions","adzuna",0.800
"47f7489b-f145-4f19-8f54-6f952a76da05","Testing Psychologist","Integrated Psychiatric Consultants","adzuna","ff775076-1bf6-4987-99e3-6de37b96edbf","Testing Psychologist - Part-time","Integrated Psychiatric Consultants","adzuna",0.800
"6e1394a6-fb87-4841-adc1-3ab99251866e","PMHNP Psychiatric Nurse Practitioner (Hybrid)","Integrated Psychiatric Consultants","adzuna","b22b756f-47d8-4494-8023-5a6106f65ede","PMHNP Psychiatric Nurse Practitioner","Integrated Psychiatric Consultants","adzuna",0.889
"6e1394a6-fb87-4841-adc1-3ab99251866e","PMHNP Psychiatric Nurse Practitioner (Hybrid)","Integrated Psychiatric Consultants","adzuna","8a6746be-f0ea-4c02-ab1e-dcfa1dff5e19","PMHNP Psychiatric Nurse Practitioner - Weekends","Integrated Psychiatric Consultants","adzuna",0.800
"b22b756f-47d8-4494-8023-5a6106f65ede","PMHNP Psychiatric Nurse Practitioner","Integrated Psychiatric Consultants","adzuna","8a6746be-f0ea-4c02-ab1e-dcfa1dff5e19","PMHNP Psychiatric Nurse Practitioner - Weekends","Integrated Psychiatric Consultants","adzuna",0.889
"7c4b5497-85ef-46c3-8930-49ae8630317b","Psychiatric Nurse Practitioner- Nebraska","SonderMind Careers","jooble","02cb93aa-4d0c-4553-bda1-837467621dd7","Psychiatric Nurse Practitioner- Nebraska","SonderMind","greenhouse",1.000
"01fb8128-0e68-456e-b3cc-425f2646dd9d","Clinical Counseling Psychologist (PhD, PsyD)","LifeStance Health","adzuna","0242b88e-5dbd-4e83-b923-7228953ca5e9","Clinical Psychologist (PhD, PsyD)","LifeStance Health","adzuna",0.889
"01fb8128-0e68-456e-b3cc-425f2646dd9d","Clinical Counseling Psychologist (PhD, PsyD)","LifeStance Health","adzuna","d50cd39f-36c6-4055-81d5-2a5f5ed09271","Clinical Psychologist (PsyD or PhD)","LifeStance Health","adzuna",0.889
"01fb8128-0e68-456e-b3cc-425f2646dd9d","Clinical Counseling Psychologist (PhD, PsyD)","LifeStance Health","adzuna","ab69782f-1342-467a-8bfa-301c3e7f7b5e","Clinical Psychologist (PhD or PsyD)","LifeStance Health","adzuna",0.889
"01fb8128-0e68-456e-b3cc-425f2646dd9d","Clinical Counseling Psychologist (PhD, PsyD)","LifeStance Health","adzuna","05a300cc-1d9c-404c-bc90-ced945ee9b14","Clinical Psychologist (PhD, PsyD) - Outpatient","LifeStance Health","adzuna",0.800
"01fb8128-0e68-456e-b3cc-425f2646dd9d","Clinical Counseling Psychologist (PhD, PsyD)","LifeStance Health","adzuna","6f0e4393-1c59-4b50-98de-6e70b7dd163b","Clinical Psychologist (PsyD, PhD)","LifeStance Health","adzuna",0.889
"2e1b39d3-ef20-48e3-945a-25c602f1c467","Psychologist & LCSW, LMHC, LMFT or LPC","Supportive Care","adzuna","a60817b2-3a00-41e6-995b-69fa9d3033f7","LCSW, LPC, LMFT, LMHC, or Psychologist (Athens, TX)","Supportive Care","adzuna",0.909
"12b4d3bb-c13f-45e9-aa44-512efba4949b","Licensed Clinical Social Worker (LCSW) (copy)","LifeStance Health","adzuna","bce24b7f-1599-4d85-911d-7623ec12892e","Licensed Clinical Social Worker","LifeStance Health","adzuna",0.800
"12b4d3bb-c13f-45e9-aa44-512efba4949b","Licensed Clinical Social Worker (LCSW) (copy)","LifeStance Health","adzuna","2458ad37-5b64-40cd-aac2-2dd9f951c2bc","Licensed Clinical Social Worker (LCSW / LICSW )","LifeStance Health","adzuna",0.833
"12b4d3bb-c13f-45e9-aa44-512efba4949b","Licensed Clinical Social Worker (LCSW) (copy)","LifeStance Health","adzuna","f0035571-73b8-4714-9285-54cafbb3cffd","Licensed Clinical Social Worker (LCSW) - Gresham OR","LifeStance Health","adzuna",0.833
"12b4d3bb-c13f-45e9-aa44-512efba4949b","Licensed Clinical Social Worker (LCSW) (copy)","LifeStance Health","adzuna","b49a00db-8a9c-4a52-81ce-56482282a3ad","Licensed Clinical Social Worker (LCSW)","LifeStance Health","adzuna",0.909
"21b4bc4e-f857-4556-9fb0-23eee64e7456","Clinical Psychologist","LifeStance Health","adzuna","b7a221d5-01a3-48a0-92cb-f491acdecd22","Outpatient Clinical Psychologist","LifeStance Health","adzuna",0.800
"21b4bc4e-f857-4556-9fb0-23eee64e7456","Clinical Psychologist","LifeStance Health","adzuna","10796932-c0ab-458f-a909-91ca7d2506cc","Licensed Clinical Psychologist","LifeStance Health","adzuna",0.800
"21b4bc4e-f857-4556-9fb0-23eee64e7456","Clinical Psychologist","LifeStance Health","adzuna","f35b96b9-4a03-4dde-bea3-ae8bb58b3916","Clinical Psychologist (outpatient)","LifeStance Health","adzuna",0.800
"1a294b1d-5e87-4693-a0d5-dcadd23405cf","Psychologist PhD, PsyD","LifeStance Health","adzuna","0242b88e-5dbd-4e83-b923-7228953ca5e9","Clinical Psychologist (PhD, PsyD)","LifeStance Health","adzuna",0.857
"1a294b1d-5e87-4693-a0d5-dcadd23405cf","Psychologist PhD, PsyD","LifeStance Health","adzuna","d50cd39f-36c6-4055-81d5-2a5f5ed09271","Clinical Psychologist (PsyD or PhD)","LifeStance Health","adzuna",0.857
"1a294b1d-5e87-4693-a0d5-dcadd23405cf","Psychologist PhD, PsyD","LifeStance Health","adzuna","ab69782f-1342-467a-8bfa-301c3e7f7b5e","Clinical Psychologist (PhD or PsyD)","LifeStance Health","adzuna",0.857
"1a294b1d-5e87-4693-a0d5-dcadd23405cf","Psychologist PhD, PsyD","LifeStance Health","adzuna","43362c4a-c14a-4b6b-8ac8-bc5aabc71cc0","Psychologist Testing PhD, PsyD","LifeStance Health","adzuna",0.857
"1a294b1d-5e87-4693-a0d5-dcadd23405cf","Psychologist PhD, PsyD","LifeStance Health","adzuna","6f0e4393-1c59-4b50-98de-6e70b7dd163b","Clinical Psychologist (PsyD, PhD)","LifeStance Health","adzuna",0.857
"0242b88e-5dbd-4e83-b923-7228953ca5e9","Clinical Psychologist (PhD, PsyD)","LifeStance Health","adzuna","d50cd39f-36c6-4055-81d5-2a5f5ed09271","Clinical Psychologist (PsyD or PhD)","LifeStance Health","adzuna",1.000
"0242b88e-5dbd-4e83-b923-7228953ca5e9","Clinical Psychologist (PhD, PsyD)","LifeStance Health","adzuna","1ff224d3-98ab-4988-b8f4-9bf25c61650a","Psychologist - Clinical Testing (PhD, PsyD trained)","LifeStance Health","adzuna",0.800
"0242b88e-5dbd-4e83-b923-7228953ca5e9","Clinical Psychologist (PhD, PsyD)","LifeStance Health","adzuna","ab69782f-1342-467a-8bfa-301c3e7f7b5e","Clinical Psychologist (PhD or PsyD)","LifeStance Health","adzuna",1.000
"0242b88e-5dbd-4e83-b923-7228953ca5e9","Clinical Psychologist (PhD, PsyD)","LifeStance Health","adzuna","05a300cc-1d9c-404c-bc90-ced945ee9b14","Clinical Psychologist (PhD, PsyD) - Outpatient","LifeStance Health","adzuna",0.889
"0242b88e-5dbd-4e83-b923-7228953ca5e9","Clinical Psychologist (PhD, PsyD)","LifeStance Health","adzuna","6f0e4393-1c59-4b50-98de-6e70b7dd163b","Clinical Psychologist (PsyD, PhD)","LifeStance Health","adzuna",1.000
"d50cd39f-36c6-4055-81d5-2a5f5ed09271","Clinical Psychologist (PsyD or PhD)","LifeStance Health","adzuna","1ff224d3-98ab-4988-b8f4-9bf25c61650a","Psychologist - Clinical Testing (PhD, PsyD trained)","LifeStance Health","adzuna",0.800
"d50cd39f-36c6-4055-81d5-2a5f5ed09271","Clinical Psychologist (PsyD or PhD)","LifeStance Health","adzuna","ab69782f-1342-467a-8bfa-301c3e7f7b5e","Clinical Psychologist (PhD or PsyD)","LifeStance Health","adzuna",1.000
"d50cd39f-36c6-4055-81d5-2a5f5ed09271","Clinical Psychologist (PsyD or PhD)","LifeStance Health","adzuna","05a300cc-1d9c-404c-bc90-ced945ee9b14","Clinical Psychologist (PhD, PsyD) - Outpatient","LifeStance Health","adzuna",0.889
"d50cd39f-36c6-4055-81d5-2a5f5ed09271","Clinical Psychologist (PsyD or PhD)","LifeStance Health","adzuna","6f0e4393-1c59-4b50-98de-6e70b7dd163b","Clinical Psychologist (PsyD, PhD)","LifeStance Health","adzuna",1.000
"1ff224d3-98ab-4988-b8f4-9bf25c61650a","Psychologist - Clinical Testing (PhD, PsyD trained)","LifeStance Health","adzuna","ab69782f-1342-467a-8bfa-301c3e7f7b5e","Clinical Psychologist (PhD or PsyD)","LifeStance Health","adzuna",0.800
"1ff224d3-98ab-4988-b8f4-9bf25c61650a","Psychologist - Clinical Testing (PhD, PsyD trained)","LifeStance Health","adzuna","43362c4a-c14a-4b6b-8ac8-bc5aabc71cc0","Psychologist Testing PhD, PsyD","LifeStance Health","adzuna",0.800
"1ff224d3-98ab-4988-b8f4-9bf25c61650a","Psychologist - Clinical Testing (PhD, PsyD trained)","LifeStance Health","adzuna","6f0e4393-1c59-4b50-98de-6e70b7dd163b","Clinical Psychologist (PsyD, PhD)","LifeStance Health","adzuna",0.800
"660a1661-0657-43fe-97ac-46c8ad73dc39","Clinical Psychologist (Psy D or PhD)","LifeStance Health","adzuna","ff3cc7ff-98d2-4d16-9dcd-5298b580e2f7","Clinical Psychologist (PhD or Psy D)","LifeStance Health","adzuna",1.000
"b7a221d5-01a3-48a0-92cb-f491acdecd22","Outpatient Clinical Psychologist","LifeStance Health","adzuna","9ca498d7-4473-4b65-9543-141c49cbc5ba","Clinical Outpatient Testing Psychologist","LifeStance Health","adzuna",0.857
"b7a221d5-01a3-48a0-92cb-f491acdecd22","Outpatient Clinical Psychologist","LifeStance Health","adzuna","f35b96b9-4a03-4dde-bea3-ae8bb58b3916","Clinical Psychologist (outpatient)","LifeStance Health","adzuna",1.000
"ab69782f-1342-467a-8bfa-301c3e7f7b5e","Clinical Psychologist (PhD or PsyD)","LifeStance Health","adzuna","05a300cc-1d9c-404c-bc90-ced945ee9b14","Clinical Psychologist (PhD, PsyD) - Outpatient","LifeStance Health","adzuna",0.889
"ab69782f-1342-467a-8bfa-301c3e7f7b5e","Clinical Psychologist (PhD or PsyD)","LifeStance Health","adzuna","6f0e4393-1c59-4b50-98de-6e70b7dd163b","Clinical Psychologist (PsyD, PhD)","LifeStance Health","adzuna",1.000
"05a300cc-1d9c-404c-bc90-ced945ee9b14","Clinical Psychologist (PhD, PsyD) - Outpatient","LifeStance Health","adzuna","6f0e4393-1c59-4b50-98de-6e70b7dd163b","Clinical Psychologist (PsyD, PhD)","LifeStance Health","adzuna",0.889
"e05ba0b7-7057-4aea-bacc-4b9e73bff7ff","Licensed Clinical Professional Counselor (LCPC)","LifeStance Health","adzuna","1915f065-5aaf-42fd-adad-a26a87908538","Licensed Professional Clinical Counselor (LPCC)","LifeStance Health","adzuna",0.800
"43362c4a-c14a-4b6b-8ac8-bc5aabc71cc0","Psychologist Testing PhD, PsyD","LifeStance Health","adzuna","f96884c3-f88a-4275-b510-3e9ca2fdc781","Psychologist Testing Pediatric PhD, PsyD","LifeStance Health","adzuna",0.889
"3d9f0359-051f-4ff3-a5f4-5d8149b15126","Licensed Clinical Social Worker (LISW-CP)","LifeStance Health","adzuna","bce24b7f-1599-4d85-911d-7623ec12892e","Licensed Clinical Social Worker","LifeStance Health","adzuna",0.889
"3d9f0359-051f-4ff3-a5f4-5d8149b15126","Licensed Clinical Social Worker (LISW-CP)","LifeStance Health","adzuna","b49a00db-8a9c-4a52-81ce-56482282a3ad","Licensed Clinical Social Worker (LCSW)","LifeStance Health","adzuna",0.800
"f0574598-b00d-4056-b466-08c650cae6da","Psychiatric Nurse Practitioner (PMHNP) - Laporte, CO","LifeStance Health","adzuna","7717844f-a369-4c86-bbd2-0cf7c379f27b","Psychiatric Nurse Practitioner (PMHNP) - Dupont, CO","LifeStance Health","adzuna",0.800
"f0574598-b00d-4056-b466-08c650cae6da","Psychiatric Nurse Practitioner (PMHNP) - Laporte, CO","LifeStance Health","adzuna","ff7358f3-8cee-4593-828b-37b102a7294a","Psychiatric Nurse Practitioner (PMHNP) - Longmont, CO","LifeStance Health","adzuna",0.800
"f0574598-b00d-4056-b466-08c650cae6da","Psychiatric Nurse Practitioner (PMHNP) - Laporte, CO","LifeStance Health","adzuna","04d4e51e-ac0f-42d5-b1f2-2b028acb5b49","Psychiatric Nurse Practitioner (PMHNP) - Wheaton, IL","LifeStance Health","adzuna",0.800
"f0574598-b00d-4056-b466-08c650cae6da","Psychiatric Nurse Practitioner (PMHNP) - Laporte, CO","LifeStance Health","adzuna","4b749e44-7748-49f0-b5e6-65348249e168","Psychiatric Nurse Practitioner (PMHNP) - Outpatient","LifeStance Health","adzuna",0.800
"f0574598-b00d-4056-b466-08c650cae6da","Psychiatric Nurse Practitioner (PMHNP) - Laporte, CO","LifeStance Health","adzuna","06ad418c-9f24-4a6c-bc5a-44fccfd62ccf","Psychiatric Nurse Practitioner (PMHNP)","LifeStance Health","adzuna",0.889
"f0574598-b00d-4056-b466-08c650cae6da","Psychiatric Nurse Practitioner (PMHNP) - Laporte, CO","LifeStance Health","adzuna","75d64ffb-3ffc-4018-978f-325cfcda7163","Psychiatric Nurse Practitioner (PMHNP) - La Honda, CA","LifeStance Health","adzuna",0.800
"f0574598-b00d-4056-b466-08c650cae6da","Psychiatric Nurse Practitioner (PMHNP) - Laporte, CO","LifeStance Health","adzuna","1e702b81-553c-4925-9bf1-a863e34c9dae","Psychiatric Nurse Practitioner (PMHNP) - Cupertino, CA","LifeStance Health","adzuna",0.800
"f0574598-b00d-4056-b466-08c650cae6da","Psychiatric Nurse Practitioner (PMHNP) - Laporte, CO","LifeStance Health","adzuna","05efe1ad-9b3a-4b4a-b11b-1dee1994469c","Psychiatric Nurse Practitioner (PMHNP) - Tracy, CA","LifeStance Health","adzuna",0.800
"f0574598-b00d-4056-b466-08c650cae6da","Psychiatric Nurse Practitioner (PMHNP) - Laporte, CO","LifeStance Health","adzuna","19f5c6eb-d9f0-4aca-b46d-0a11698d8ab8","Psychiatric Nurse Practitioner (PMHNP) - Knoxville, TN","LifeStance Health","adzuna",0.800
"f0574598-b00d-4056-b466-08c650cae6da","Psychiatric Nurse Practitioner (PMHNP) - Laporte, CO","LifeStance Health","adzuna","13934138-ef4d-4a5c-b98c-8921ba3d59c2","Psychiatric Nurse Practitioner (PMHNP) - Olympia, WA","LifeStance Health","adzuna",0.800
"f0574598-b00d-4056-b466-08c650cae6da","Psychiatric Nurse Practitioner (PMHNP) - Laporte, CO","LifeStance Health","adzuna","f6daae78-a555-40fa-9b7d-b6446037646f","Psychiatric Nurse Practitioner (PMHNP) - Stockbridge, GA","LifeStance Health","adzuna",0.800
"7717844f-a369-4c86-bbd2-0cf7c379f27b","Psychiatric Nurse Practitioner (PMHNP) - Dupont, CO","LifeStance Health","adzuna","ff7358f3-8cee-4593-828b-37b102a7294a","Psychiatric Nurse Practitioner (PMHNP) - Longmont, CO","LifeStance Health","adzuna",0.800
"7717844f-a369-4c86-bbd2-0cf7c379f27b","Psychiatric Nurse Practitioner (PMHNP) - Dupont, CO","LifeStance Health","adzuna","04d4e51e-ac0f-42d5-b1f2-2b028acb5b49","Psychiatric Nurse Practitioner (PMHNP) - Wheaton, IL","LifeStance Health","adzuna",0.800
"7717844f-a369-4c86-bbd2-0cf7c379f27b","Psychiatric Nurse Practitioner (PMHNP) - Dupont, CO","LifeStance Health","adzuna","4b749e44-7748-49f0-b5e6-65348249e168","Psychiatric Nurse Practitioner (PMHNP) - Outpatient","LifeStance Health","adzuna",0.800
"7717844f-a369-4c86-bbd2-0cf7c379f27b","Psychiatric Nurse Practitioner (PMHNP) - Dupont, CO","LifeStance Health","adzuna","06ad418c-9f24-4a6c-bc5a-44fccfd62ccf","Psychiatric Nurse Practitioner (PMHNP)","LifeStance Health","adzuna",0.889
"7717844f-a369-4c86-bbd2-0cf7c379f27b","Psychiatric Nurse Practitioner (PMHNP) - Dupont, CO","LifeStance Health","adzuna","75d64ffb-3ffc-4018-978f-325cfcda7163","Psychiatric Nurse Practitioner (PMHNP) - La Honda, CA","LifeStance Health","adzuna",0.800
"7717844f-a369-4c86-bbd2-0cf7c379f27b","Psychiatric Nurse Practitioner (PMHNP) - Dupont, CO","LifeStance Health","adzuna","1e702b81-553c-4925-9bf1-a863e34c9dae","Psychiatric Nurse Practitioner (PMHNP) - Cupertino, CA","LifeStance Health","adzuna",0.800
"7717844f-a369-4c86-bbd2-0cf7c379f27b","Psychiatric Nurse Practitioner (PMHNP) - Dupont, CO","LifeStance Health","adzuna","05efe1ad-9b3a-4b4a-b11b-1dee1994469c","Psychiatric Nurse Practitioner (PMHNP) - Tracy, CA","LifeStance Health","adzuna",0.800
"7717844f-a369-4c86-bbd2-0cf7c379f27b","Psychiatric Nurse Practitioner (PMHNP) - Dupont, CO","LifeStance Health","adzuna","19f5c6eb-d9f0-4aca-b46d-0a11698d8ab8","Psychiatric Nurse Practitioner (PMHNP) - Knoxville, TN","LifeStance Health","adzuna",0.800
"7717844f-a369-4c86-bbd2-0cf7c379f27b","Psychiatric Nurse Practitioner (PMHNP) - Dupont, CO","LifeStance Health","adzuna","13934138-ef4d-4a5c-b98c-8921ba3d59c2","Psychiatric Nurse Practitioner (PMHNP) - Olympia, WA","LifeStance Health","adzuna",0.800
"7717844f-a369-4c86-bbd2-0cf7c379f27b","Psychiatric Nurse Practitioner (PMHNP) - Dupont, CO","LifeStance Health","adzuna","f6daae78-a555-40fa-9b7d-b6446037646f","Psychiatric Nurse Practitioner (PMHNP) - Stockbridge, GA","LifeStance Health","adzuna",0.800
"52a0aac8-50b3-4d7e-8a61-fd3adb2ee955","Psych NP opening in North Central KS","GO Staffing","jooble","a77d7d34-7407-4a0c-8699-67abd32f17f4","Psych NP Opening in Central IL","GO Staffing","jooble",0.857
"cd036f56-3ed7-4f2a-b2e4-037b62e25cdd","Psychiatric Mental Health Nurse Practitioner (PMHNP)","LifeStance Health","adzuna","c42abd3e-4176-4c47-9dd0-cd7eb0b37fbb","Psychiatric Mental Health Nurse Practitioner - Loveland, CO","LifeStance Health","adzuna",0.833
"cd036f56-3ed7-4f2a-b2e4-037b62e25cdd","Psychiatric Mental Health Nurse Practitioner (PMHNP)","LifeStance Health","adzuna","6950d5ca-fbe7-43f3-9123-e6320519a8de","Psychiatric Mental Health Nurse Practitioner - Danvers, MA","LifeStance Health","adzuna",0.833
"cd036f56-3ed7-4f2a-b2e4-037b62e25cdd","Psychiatric Mental Health Nurse Practitioner (PMHNP)","LifeStance Health","adzuna","1b36a61c-128b-45fc-9913-fefcd72d79bb","Psychiatric Mental Health Nurse Practitioner (PMHNP) - Outpatient - La Mesa, CA","LifeStance Health","adzuna",0.857
"cd036f56-3ed7-4f2a-b2e4-037b62e25cdd","Psychiatric Mental Health Nurse Practitioner (PMHNP)","LifeStance Health","adzuna","06ad418c-9f24-4a6c-bc5a-44fccfd62ccf","Psychiatric Nurse Practitioner (PMHNP)","LifeStance Health","adzuna",0.800
"cd036f56-3ed7-4f2a-b2e4-037b62e25cdd","Psychiatric Mental Health Nurse Practitioner (PMHNP)","LifeStance Health","adzuna","8d9edd9f-ce56-481d-b493-0bdfef81f922","PMHNP - Psychiatric Mental Health Nurse Practitioner","LifeStance Health","adzuna",1.000
"cd036f56-3ed7-4f2a-b2e4-037b62e25cdd","Psychiatric Mental Health Nurse Practitioner (PMHNP)","LifeStance Health","adzuna","3932000f-e7ea-4b4f-86db-c14777b269c1","Psychiatric Mental Health Nurse Practitioner - Stockbridge, GA","LifeStance Health","adzuna",0.833
"cd036f56-3ed7-4f2a-b2e4-037b62e25cdd","Psychiatric Mental Health Nurse Practitioner (PMHNP)","LifeStance Health","adzuna","4b59a82d-9cee-4682-916e-95a25d20859f","Psychiatric Mental Health Nurse Practitioner - Fayetteville, GA","LifeStance Health","adzuna",0.833
"cd036f56-3ed7-4f2a-b2e4-037b62e25cdd","Psychiatric Mental Health Nurse Practitioner (PMHNP)","LifeStance Health","adzuna","09767dff-4c06-40bc-a6ab-35dd6693ef99","Psychiatric Mental Health Nurse Practitioner - Covington, GA","LifeStance Health","adzuna",0.833
"cd036f56-3ed7-4f2a-b2e4-037b62e25cdd","Psychiatric Mental Health Nurse Practitioner (PMHNP)","LifeStance Health","adzuna","fa71ba83-ca4b-44a4-a870-fd7c4844d3e0","Psychiatric Mental Health Nurse Practitioner - Mcdonough, GA","LifeStance Health","adzuna",0.833
"cd036f56-3ed7-4f2a-b2e4-037b62e25cdd","Psychiatric Mental Health Nurse Practitioner (PMHNP)","LifeStance Health","adzuna","6bd2813d-59b8-4dfb-8622-d22244d11e1a","Psychiatric Mental Health Nurse Practitioner - Olympia, WA","LifeStance Health","adzuna",0.833
"cd036f56-3ed7-4f2a-b2e4-037b62e25cdd","Psychiatric Mental Health Nurse Practitioner (PMHNP)","LifeStance Health","adzuna","34e37e82-b559-46e9-a636-dcb856ae1b78","Psychiatric Mental Health Nurse Practitioner - Sharpsburg, GA","LifeStance Health","adzuna",0.833
"cd036f56-3ed7-4f2a-b2e4-037b62e25cdd","Psychiatric Mental Health Nurse Practitioner (PMHNP)","LifeStance Health","adzuna","77f083be-1bde-4618-9a42-fe55c64cfa70","Psychiatric Mental Health Nurse Practitioner - Knoxville, TN","LifeStance Health","adzuna",0.833
"b87e5c8e-016e-4f41-ae52-3c4d03718f34","Psychiatric Nurse Practitioner (PMHNP) Full Time","Serenity Mental Health Centers","adzuna","d55439a5-a72d-45c2-a023-8f71462338b6","Psychiatric Nurse Practitioner (PMHNP)","Serenity Mental Health Centers","adzuna",0.800
"a31d5a1c-3ba4-474b-a1af-8864f1c7ffb9","Travel Pediatric Psychiatric ICU RN - $2,092 per week","Focus Staff","adzuna","3e446eb6-5e76-4a33-9cf8-cde1f1d89497","Travel Psychiatric ICU Registered Nurse - $2,092 per week","Focus Staff","adzuna",0.800
"a31d5a1c-3ba4-474b-a1af-8864f1c7ffb9","Travel Pediatric Psychiatric ICU RN - $2,092 per week","Focus Staff","adzuna","db1cbf20-b9fe-4e08-9bed-3272800219cb","Travel Adolescent Psychiatric ICU RN - $2,092 per week","Focus Staff","adzuna",0.857
"a31d5a1c-3ba4-474b-a1af-8864f1c7ffb9","Travel Pediatric Psychiatric ICU RN - $2,092 per week","Focus Staff","adzuna","59dee908-6953-49e5-8982-bb91fb3c42fc","Travel Psychiatric ICU RN - $2,092 per week","Focus Staff","adzuna",0.923
"8d13a12b-932b-4725-89a4-c971dee6e9a9","Child & Adolescent Psychiatric Nurse Practitioner (PMHNP)","LifeStance Health","adzuna","06ad418c-9f24-4a6c-bc5a-44fccfd62ccf","Psychiatric Nurse Practitioner (PMHNP)","LifeStance Health","adzuna",0.800
"ba97a49c-9ca5-434f-a766-179dbd3f4459","Psychiatric Nurse Practitioner (PMHNP) - Vernon Hills, IL","LifeStance Health","adzuna","06ad418c-9f24-4a6c-bc5a-44fccfd62ccf","Psychiatric Nurse Practitioner (PMHNP)","LifeStance Health","adzuna",0.800
"af3453d6-9ab7-4df8-9ff0-31650d301378","Psychiatric Nurse Practitioner (PMHNP) - North Pembroke, MA","LifeStance Health","adzuna","06ad418c-9f24-4a6c-bc5a-44fccfd62ccf","Psychiatric Nurse Practitioner (PMHNP)","LifeStance Health","adzuna",0.800
"cb5fd1ed-655f-4634-95ca-4fef14ae649e","PMHNP Nurse Practitioner - Danvers, IL","LifeStance Health","adzuna","ba345b87-b894-4001-a6bb-ed8c096155a7","Nurse Practitioner (PMHNP)","LifeStance Health","adzuna",0.857
"b84cba98-f193-47ea-8aeb-b223a3504160","PMHNP Nurse Practitioner - Russell, IL","LifeStance Health","adzuna","ba345b87-b894-4001-a6bb-ed8c096155a7","Nurse Practitioner (PMHNP)","LifeStance Health","adzuna",0.857
"c42abd3e-4176-4c47-9dd0-cd7eb0b37fbb","Psychiatric Mental Health Nurse Practitioner - Loveland, CO","LifeStance Health","adzuna","6950d5ca-fbe7-43f3-9123-e6320519a8de","Psychiatric Mental Health Nurse Practitioner - Danvers, MA","LifeStance Health","adzuna",0.833
"c42abd3e-4176-4c47-9dd0-cd7eb0b37fbb","Psychiatric Mental Health Nurse Practitioner - Loveland, CO","LifeStance Health","adzuna","8d9edd9f-ce56-481d-b493-0bdfef81f922","PMHNP - Psychiatric Mental Health Nurse Practitioner","LifeStance Health","adzuna",0.833
"c42abd3e-4176-4c47-9dd0-cd7eb0b37fbb","Psychiatric Mental Health Nurse Practitioner - Loveland, CO","LifeStance Health","adzuna","3932000f-e7ea-4b4f-86db-c14777b269c1","Psychiatric Mental Health Nurse Practitioner - Stockbridge, GA","LifeStance Health","adzuna",0.833
"c42abd3e-4176-4c47-9dd0-cd7eb0b37fbb","Psychiatric Mental Health Nurse Practitioner - Loveland, CO","LifeStance Health","adzuna","4b59a82d-9cee-4682-916e-95a25d20859f","Psychiatric Mental Health Nurse Practitioner - Fayetteville, GA","LifeStance Health","adzuna",0.833
"c42abd3e-4176-4c47-9dd0-cd7eb0b37fbb","Psychiatric Mental Health Nurse Practitioner - Loveland, CO","LifeStance Health","adzuna","09767dff-4c06-40bc-a6ab-35dd6693ef99","Psychiatric Mental Health Nurse Practitioner - Covington, GA","LifeStance Health","adzuna",0.833
"c42abd3e-4176-4c47-9dd0-cd7eb0b37fbb","Psychiatric Mental Health Nurse Practitioner - Loveland, CO","LifeStance Health","adzuna","fa71ba83-ca4b-44a4-a870-fd7c4844d3e0","Psychiatric Mental Health Nurse Practitioner - Mcdonough, GA","LifeStance Health","adzuna",0.833
"c42abd3e-4176-4c47-9dd0-cd7eb0b37fbb","Psychiatric Mental Health Nurse Practitioner - Loveland, CO","LifeStance Health","adzuna","6bd2813d-59b8-4dfb-8622-d22244d11e1a","Psychiatric Mental Health Nurse Practitioner - Olympia, WA","LifeStance Health","adzuna",0.833
"c42abd3e-4176-4c47-9dd0-cd7eb0b37fbb","Psychiatric Mental Health Nurse Practitioner - Loveland, CO","LifeStance Health","adzuna","34e37e82-b559-46e9-a636-dcb856ae1b78","Psychiatric Mental Health Nurse Practitioner - Sharpsburg, GA","LifeStance Health","adzuna",0.833
"c42abd3e-4176-4c47-9dd0-cd7eb0b37fbb","Psychiatric Mental Health Nurse Practitioner - Loveland, CO","LifeStance Health","adzuna","77f083be-1bde-4618-9a42-fe55c64cfa70","Psychiatric Mental Health Nurse Practitioner - Knoxville, TN","LifeStance Health","adzuna",0.833
"9277177a-46eb-41c4-94d7-7e6c5fb47c09","PMHNP Nurse Practitioner - Litchfield, IL","LifeStance Health","adzuna","ba345b87-b894-4001-a6bb-ed8c096155a7","Nurse Practitioner (PMHNP)","LifeStance Health","adzuna",0.857
"3f72adaf-92b7-4421-9562-0d6752a52172","PMHNP Nurse Practitioner - Salem, WI","LifeStance Health","adzuna","ba345b87-b894-4001-a6bb-ed8c096155a7","Nurse Practitioner (PMHNP)","LifeStance Health","adzuna",0.857
"fa683b3e-a120-4cde-af7d-8e97551d5d34","Psychiatric Nurse Practitioner (PMHNP) - San Diego, CA","LifeStance Health","adzuna","06ad418c-9f24-4a6c-bc5a-44fccfd62ccf","Psychiatric Nurse Practitioner (PMHNP)","LifeStance Health","adzuna",0.800
"fa683b3e-a120-4cde-af7d-8e97551d5d34","Psychiatric Nurse Practitioner (PMHNP) - San Diego, CA","LifeStance Health","adzuna","29510103-ff4a-4399-9fe2-c136fcf604e1","Psychiatric Nurse Practitioner (PMHNP) - San Rafael, CA","LifeStance Health","adzuna",0.833
"78061257-71e5-4722-8962-de9bddf1d2eb","PMHNP Nurse Practitioner - Minonk, IL","LifeStance Health","adzuna","ba345b87-b894-4001-a6bb-ed8c096155a7","Nurse Practitioner (PMHNP)","LifeStance Health","adzuna",0.857
"d63b406d-e37d-42d5-a8b2-4f38a4f7c854","PMHNP Nurse Practitioner - Taylorville, IL","LifeStance Health","adzuna","ba345b87-b894-4001-a6bb-ed8c096155a7","Nurse Practitioner (PMHNP)","LifeStance Health","adzuna",0.857
"48d3c029-bcf1-439e-97a9-a41ec12a3ae7","PMHNP Nurse Practitioner - Lawndale, IL","LifeStance Health","adzuna","ba345b87-b894-4001-a6bb-ed8c096155a7","Nurse Practitioner (PMHNP)","LifeStance Health","adzuna",0.857
"86d94347-b878-4c0e-bde4-e977f3e886c5","PMHNP Nurse Practitioner - Kenosha, WI","LifeStance Health","adzuna","ba345b87-b894-4001-a6bb-ed8c096155a7","Nurse Practitioner (PMHNP)","LifeStance Health","adzuna",0.857
"6950d5ca-fbe7-43f3-9123-e6320519a8de","Psychiatric Mental Health Nurse Practitioner - Danvers, MA","LifeStance Health","adzuna","8d9edd9f-ce56-481d-b493-0bdfef81f922","PMHNP - Psychiatric Mental Health Nurse Practitioner","LifeStance Health","adzuna",0.833
"6950d5ca-fbe7-43f3-9123-e6320519a8de","Psychiatric Mental Health Nurse Practitioner - Danvers, MA","LifeStance Health","adzuna","3932000f-e7ea-4b4f-86db-c14777b269c1","Psychiatric Mental Health Nurse Practitioner - Stockbridge, GA","LifeStance Health","adzuna",0.833
"6950d5ca-fbe7-43f3-9123-e6320519a8de","Psychiatric Mental Health Nurse Practitioner - Danvers, MA","LifeStance Health","adzuna","4b59a82d-9cee-4682-916e-95a25d20859f","Psychiatric Mental Health Nurse Practitioner - Fayetteville, GA","LifeStance Health","adzuna",0.833
"6950d5ca-fbe7-43f3-9123-e6320519a8de","Psychiatric Mental Health Nurse Practitioner - Danvers, MA","LifeStance Health","adzuna","09767dff-4c06-40bc-a6ab-35dd6693ef99","Psychiatric Mental Health Nurse Practitioner - Covington, GA","LifeStance Health","adzuna",0.833
"6950d5ca-fbe7-43f3-9123-e6320519a8de","Psychiatric Mental Health Nurse Practitioner - Danvers, MA","LifeStance Health","adzuna","fa71ba83-ca4b-44a4-a870-fd7c4844d3e0","Psychiatric Mental Health Nurse Practitioner - Mcdonough, GA","LifeStance Health","adzuna",0.833
"6950d5ca-fbe7-43f3-9123-e6320519a8de","Psychiatric Mental Health Nurse Practitioner - Danvers, MA","LifeStance Health","adzuna","6bd2813d-59b8-4dfb-8622-d22244d11e1a","Psychiatric Mental Health Nurse Practitioner - Olympia, WA","LifeStance Health","adzuna",0.833
"6950d5ca-fbe7-43f3-9123-e6320519a8de","Psychiatric Mental Health Nurse Practitioner - Danvers, MA","LifeStance Health","adzuna","34e37e82-b559-46e9-a636-dcb856ae1b78","Psychiatric Mental Health Nurse Practitioner - Sharpsburg, GA","LifeStance Health","adzuna",0.833
"6950d5ca-fbe7-43f3-9123-e6320519a8de","Psychiatric Mental Health Nurse Practitioner - Danvers, MA","LifeStance Health","adzuna","77f083be-1bde-4618-9a42-fe55c64cfa70","Psychiatric Mental Health Nurse Practitioner - Knoxville, TN","LifeStance Health","adzuna",0.833
"0dcafed5-9383-454d-8a51-947c07b58294","PMHNP Nurse Practitioner - Petersburg, IL","LifeStance Health","adzuna","ba345b87-b894-4001-a6bb-ed8c096155a7","Nurse Practitioner (PMHNP)","LifeStance Health","adzuna",0.857
"3aee1fd6-1569-4a7c-860a-e30c08b9c923","PMHNP Nurse Practitioner - Naperville, IL","LifeStance Health","adzuna","ba345b87-b894-4001-a6bb-ed8c096155a7","Nurse Practitioner (PMHNP)","LifeStance Health","adzuna",0.857
"ff7358f3-8cee-4593-828b-37b102a7294a","Psychiatric Nurse Practitioner (PMHNP) - Longmont, CO","LifeStance Health","adzuna","04d4e51e-ac0f-42d5-b1f2-2b028acb5b49","Psychiatric Nurse Practitioner (PMHNP) - Wheaton, IL","LifeStance Health","adzuna",0.800
"ff7358f3-8cee-4593-828b-37b102a7294a","Psychiatric Nurse Practitioner (PMHNP) - Longmont, CO","LifeStance Health","adzuna","4b749e44-7748-49f0-b5e6-65348249e168","Psychiatric Nurse Practitioner (PMHNP) - Outpatient","LifeStance Health","adzuna",0.800
"ff7358f3-8cee-4593-828b-37b102a7294a","Psychiatric Nurse Practitioner (PMHNP) - Longmont, CO","LifeStance Health","adzuna","06ad418c-9f24-4a6c-bc5a-44fccfd62ccf","Psychiatric Nurse Practitioner (PMHNP)","LifeStance Health","adzuna",0.889
"ff7358f3-8cee-4593-828b-37b102a7294a","Psychiatric Nurse Practitioner (PMHNP) - Longmont, CO","LifeStance Health","adzuna","75d64ffb-3ffc-4018-978f-325cfcda7163","Psychiatric Nurse Practitioner (PMHNP) - La Honda, CA","LifeStance Health","adzuna",0.800
"ff7358f3-8cee-4593-828b-37b102a7294a","Psychiatric Nurse Practitioner (PMHNP) - Longmont, CO","LifeStance Health","adzuna","1e702b81-553c-4925-9bf1-a863e34c9dae","Psychiatric Nurse Practitioner (PMHNP) - Cupertino, CA","LifeStance Health","adzuna",0.800
"ff7358f3-8cee-4593-828b-37b102a7294a","Psychiatric Nurse Practitioner (PMHNP) - Longmont, CO","LifeStance Health","adzuna","05efe1ad-9b3a-4b4a-b11b-1dee1994469c","Psychiatric Nurse Practitioner (PMHNP) - Tracy, CA","LifeStance Health","adzuna",0.800
"ff7358f3-8cee-4593-828b-37b102a7294a","Psychiatric Nurse Practitioner (PMHNP) - Longmont, CO","LifeStance Health","adzuna","19f5c6eb-d9f0-4aca-b46d-0a11698d8ab8","Psychiatric Nurse Practitioner (PMHNP) - Knoxville, TN","LifeStance Health","adzuna",0.800
"ff7358f3-8cee-4593-828b-37b102a7294a","Psychiatric Nurse Practitioner (PMHNP) - Longmont, CO","LifeStance Health","adzuna","13934138-ef4d-4a5c-b98c-8921ba3d59c2","Psychiatric Nurse Practitioner (PMHNP) - Olympia, WA","LifeStance Health","adzuna",0.800
"ff7358f3-8cee-4593-828b-37b102a7294a","Psychiatric Nurse Practitioner (PMHNP) - Longmont, CO","LifeStance Health","adzuna","f6daae78-a555-40fa-9b7d-b6446037646f","Psychiatric Nurse Practitioner (PMHNP) - Stockbridge, GA","LifeStance Health","adzuna",0.800
"fb705276-c015-45fe-aa21-dce32c7bc106","PMHNP Nurse Practitioner - New Berlin, IL","LifeStance Health","adzuna","f9bf3ecf-486e-4fe5-82c5-2257003818d1","Nurse Practitioner (PMHNP) - New Tazewell, TN","LifeStance Health","adzuna",0.800
"f91c9860-37b7-4b9e-9d60-5e16f7431541","PMHNP Nurse Practitioner - Elmhurst, IL","LifeStance Health","adzuna","ba345b87-b894-4001-a6bb-ed8c096155a7","Nurse Practitioner (PMHNP)","LifeStance Health","adzuna",0.857
"2f12f117-08b2-4af6-9c19-cdc77af5ee0d","PMHNP Nurse Practitioner - Mackinaw, IL","LifeStance Health","adzuna","ba345b87-b894-4001-a6bb-ed8c096155a7","Nurse Practitioner (PMHNP)","LifeStance Health","adzuna",0.857
"04d4e51e-ac0f-42d5-b1f2-2b028acb5b49","Psychiatric Nurse Practitioner (PMHNP) - Wheaton, IL","LifeStance Health","adzuna","4b749e44-7748-49f0-b5e6-65348249e168","Psychiatric Nurse Practitioner (PMHNP) - Outpatient","LifeStance Health","adzuna",0.800
"04d4e51e-ac0f-42d5-b1f2-2b028acb5b49","Psychiatric Nurse Practitioner (PMHNP) - Wheaton, IL","LifeStance Health","adzuna","06ad418c-9f24-4a6c-bc5a-44fccfd62ccf","Psychiatric Nurse Practitioner (PMHNP)","LifeStance Health","adzuna",0.889
"04d4e51e-ac0f-42d5-b1f2-2b028acb5b49","Psychiatric Nurse Practitioner (PMHNP) - Wheaton, IL","LifeStance Health","adzuna","75d64ffb-3ffc-4018-978f-325cfcda7163","Psychiatric Nurse Practitioner (PMHNP) - La Honda, CA","LifeStance Health","adzuna",0.800
"04d4e51e-ac0f-42d5-b1f2-2b028acb5b49","Psychiatric Nurse Practitioner (PMHNP) - Wheaton, IL","LifeStance Health","adzuna","1e702b81-553c-4925-9bf1-a863e34c9dae","Psychiatric Nurse Practitioner (PMHNP) - Cupertino, CA","LifeStance Health","adzuna",0.800
"04d4e51e-ac0f-42d5-b1f2-2b028acb5b49","Psychiatric Nurse Practitioner (PMHNP) - Wheaton, IL","LifeStance Health","adzuna","05efe1ad-9b3a-4b4a-b11b-1dee1994469c","Psychiatric Nurse Practitioner (PMHNP) - Tracy, CA","LifeStance Health","adzuna",0.800
"04d4e51e-ac0f-42d5-b1f2-2b028acb5b49","Psychiatric Nurse Practitioner (PMHNP) - Wheaton, IL","LifeStance Health","adzuna","19f5c6eb-d9f0-4aca-b46d-0a11698d8ab8","Psychiatric Nurse Practitioner (PMHNP) - Knoxville, TN","LifeStance Health","adzuna",0.800
"04d4e51e-ac0f-42d5-b1f2-2b028acb5b49","Psychiatric Nurse Practitioner (PMHNP) - Wheaton, IL","LifeStance Health","adzuna","13934138-ef4d-4a5c-b98c-8921ba3d59c2","Psychiatric Nurse Practitioner (PMHNP) - Olympia, WA","LifeStance Health","adzuna",0.800
"04d4e51e-ac0f-42d5-b1f2-2b028acb5b49","Psychiatric Nurse Practitioner (PMHNP) - Wheaton, IL","LifeStance Health","adzuna","f6daae78-a555-40fa-9b7d-b6446037646f","Psychiatric Nurse Practitioner (PMHNP) - Stockbridge, GA","LifeStance Health","adzuna",0.800
"39638785-26c8-4949-8af0-40e742d1d5bb","PMHNP Nurse Practitioner - Darien, IL","LifeStance Health","adzuna","ba345b87-b894-4001-a6bb-ed8c096155a7","Nurse Practitioner (PMHNP)","LifeStance Health","adzuna",0.857
"765e8432-090e-44c8-a5e2-2a4e22983289","PMHNP Nurse Practitioner - Norris, IL","LifeStance Health","adzuna","ba345b87-b894-4001-a6bb-ed8c096155a7","Nurse Practitioner (PMHNP)","LifeStance Health","adzuna",0.857
"634a16b8-e775-4afb-9f92-325986701ba8","Psychiatric Nurse Practitioner (PMHNP) - Los Angeles, CA","LifeStance Health","adzuna","06ad418c-9f24-4a6c-bc5a-44fccfd62ccf","Psychiatric Nurse Practitioner (PMHNP)","LifeStance Health","adzuna",0.800
"c0d55573-131e-4540-9512-7cba56c4fcab","PMHNP Nurse Practitioner - Hartsburg, IL","LifeStance Health","adzuna","ba345b87-b894-4001-a6bb-ed8c096155a7","Nurse Practitioner (PMHNP)","LifeStance Health","adzuna",0.857
"f041688e-b5ec-4fc3-a037-48e00c0c09b1","PMHNP Nurse Practitioner - Aurora, IL","LifeStance Health","adzuna","ba345b87-b894-4001-a6bb-ed8c096155a7","Nurse Practitioner (PMHNP)","LifeStance Health","adzuna",0.857
"1b36a61c-128b-45fc-9913-fefcd72d79bb","Psychiatric Mental Health Nurse Practitioner (PMHNP) - Outpatient - La Mesa, CA","LifeStance Health","adzuna","8d9edd9f-ce56-481d-b493-0bdfef81f922","PMHNP - Psychiatric Mental Health Nurse Practitioner","LifeStance Health","adzuna",0.857
"941525c5-0adc-4d58-b2e8-3a9370093630","PMHNP Nurse Practitioner - Pontiac, IL","LifeStance Health","adzuna","ba345b87-b894-4001-a6bb-ed8c096155a7","Nurse Practitioner (PMHNP)","LifeStance Health","adzuna",0.857
"07dd4df3-f5bb-4089-b603-656ec6d76eab","Psychiatric Nurse Practitioner (PMHNP) - West Newton, MA","LifeStance Health","adzuna","06ad418c-9f24-4a6c-bc5a-44fccfd62ccf","Psychiatric Nurse Practitioner (PMHNP)","LifeStance Health","adzuna",0.800
"f4b5ad09-f368-42d3-8515-038bf082f0bc","Nurse Practitioner - Behavioral Health","PeaceHealth","adzuna","6b99fb9a-2dd5-41d0-89b6-08a6e51cfce3","Behavioral Health Nurse Practitioner PMHNP","PeaceHealth","adzuna",0.889
"1d752392-3230-42b5-8989-1c9d7f9d0f77","Field Nurse Case Manager - Grove City, OH","UnitedHealth Group","adzuna","2dee29bb-18a9-4563-afc5-4b0f677b39a6","Field Nurse Case Manager","UnitedHealth Group","adzuna",0.800
"bb8d537c-3fe4-4fc3-82b2-a75e2244b09e","Functional Symptoms and Pain Clinical Child Psychologist","Emory","adzuna","d1bf0c19-bed7-4a5a-91b9-7b7fb0895477","Functional Symptoms and Pain Clinical Child Psychologist","Emory Healthcare/Emory University","adzuna",1.000
"a37f2051-6c86-4253-983c-225ec3491a3e","Family Based Care Clinical Child Psychologist","Emory","adzuna","07f52a53-0986-4b65-9163-7ebf57df1897","Family Based Care Clinical Child Psychologist","Emory Healthcare/Emory University","adzuna",1.000
"c7aefef2-cff3-4cfb-865f-f916c85208f2","Clinical Child and Adolescent Psychologist","Emory","adzuna","319165a6-991e-4f38-b6bb-5ba78244a9f6","Clinical Child and Adolescent Psychologist","Emory Healthcare/Emory University","adzuna",1.000
"33285176-91b6-4374-a771-5540cc4a1393","CPECRI - Operations Supervisor","Community Bridges Inc","adzuna","257ac332-089d-4166-a5ac-6719686f1be2","Operations Supervisor","Community Bridges Inc","adzuna",0.800
"cae26792-fa6a-40c2-982b-24583ca47ccb","Psychiatric Mental Health Nurse Practitioner (PMHNP)","CHE Behavioral","adzuna","22554a36-06d0-4437-90c8-16ed61f3be10","Psychiatric Mental Health Nurse Practitioner (PMHNP)  Flexible Schedule","CHE Behavioral","adzuna",0.857
"498582c6-daf2-417e-b150-e09ed24655fe","Operations Supervisor (NIGHTs)","Community Bridges Inc","adzuna","257ac332-089d-4166-a5ac-6719686f1be2","Operations Supervisor","Community Bridges Inc","adzuna",0.800
"13ae7f1c-88cc-4077-8d17-da735f4534d5","Now Hiring: Psychiatric APRN","Bella Mental Health Services Llc","adzuna","1c77660a-653d-4c84-9afc-75a46e6156b6","Now Hiring: Part-Time Psychiatric APRN","Bella Mental Health Services Llc","adzuna",0.889
"4b749e44-7748-49f0-b5e6-65348249e168","Psychiatric Nurse Practitioner (PMHNP) - Outpatient","LifeStance Health","adzuna","06ad418c-9f24-4a6c-bc5a-44fccfd62ccf","Psychiatric Nurse Practitioner (PMHNP)","LifeStance Health","adzuna",0.889
"4b749e44-7748-49f0-b5e6-65348249e168","Psychiatric Nurse Practitioner (PMHNP) - Outpatient","LifeStance Health","adzuna","75d64ffb-3ffc-4018-978f-325cfcda7163","Psychiatric Nurse Practitioner (PMHNP) - La Honda, CA","LifeStance Health","adzuna",0.800
"4b749e44-7748-49f0-b5e6-65348249e168","Psychiatric Nurse Practitioner (PMHNP) - Outpatient","LifeStance Health","adzuna","1e702b81-553c-4925-9bf1-a863e34c9dae","Psychiatric Nurse Practitioner (PMHNP) - Cupertino, CA","LifeStance Health","adzuna",0.800
"4b749e44-7748-49f0-b5e6-65348249e168","Psychiatric Nurse Practitioner (PMHNP) - Outpatient","LifeStance Health","adzuna","05efe1ad-9b3a-4b4a-b11b-1dee1994469c","Psychiatric Nurse Practitioner (PMHNP) - Tracy, CA","LifeStance Health","adzuna",0.800
"4b749e44-7748-49f0-b5e6-65348249e168","Psychiatric Nurse Practitioner (PMHNP) - Outpatient","LifeStance Health","adzuna","19f5c6eb-d9f0-4aca-b46d-0a11698d8ab8","Psychiatric Nurse Practitioner (PMHNP) - Knoxville, TN","LifeStance Health","adzuna",0.800
"4b749e44-7748-49f0-b5e6-65348249e168","Psychiatric Nurse Practitioner (PMHNP) - Outpatient","LifeStance Health","adzuna","13934138-ef4d-4a5c-b98c-8921ba3d59c2","Psychiatric Nurse Practitioner (PMHNP) - Olympia, WA","LifeStance Health","adzuna",0.800
"4b749e44-7748-49f0-b5e6-65348249e168","Psychiatric Nurse Practitioner (PMHNP) - Outpatient","LifeStance Health","adzuna","f6daae78-a555-40fa-9b7d-b6446037646f","Psychiatric Nurse Practitioner (PMHNP) - Stockbridge, GA","LifeStance Health","adzuna",0.800
"719276ea-10fd-4a3e-837c-cdf3adcc866e","Registered Nurse Night Shift - Psychiatric Treatment Facility","Applewood Centers","adzuna","2e43984a-3ed1-4d91-baf1-cec5c6988fe5","Registered Nurse - Psychiatric Treatment Facility","Applewood Centers","adzuna",0.833
"32d7548e-8c89-45b1-8e0f-f53e70678ea1","Outpatient Clinician II- LMFT","Cooperative Counseling","adzuna","b43c6adf-307c-4285-9fd6-d0cedad3ee9d","Outpatient Clinician 1","Cooperative Counseling","adzuna",0.800
"67c0b5d8-32cb-4cde-b987-50eeb5f40f14","Bilingual Outpatient Clinician 1","Cooperative Counseling","adzuna","b43c6adf-307c-4285-9fd6-d0cedad3ee9d","Outpatient Clinician 1","Cooperative Counseling","adzuna",0.800
"d34bbd77-cb9a-4834-ac32-e572d1dda717","Mental Health Nurse Practitioner (SEGUIN)","University Health","adzuna","c98d7790-f135-4220-ad22-e5ed0e4c5aef","Mental Health Nurse Practitioner (PLEASANTON)","University Health","adzuna",0.800
"d34bbd77-cb9a-4834-ac32-e572d1dda717","Mental Health Nurse Practitioner (SEGUIN)","University Health","adzuna","27f0b1e0-2e8a-4f70-846c-5c998c9a0d2f","Mental Health Nurse Practitioner (HONDO)","University Health","adzuna",0.800
"c98d7790-f135-4220-ad22-e5ed0e4c5aef","Mental Health Nurse Practitioner (PLEASANTON)","University Health","adzuna","27f0b1e0-2e8a-4f70-846c-5c998c9a0d2f","Mental Health Nurse Practitioner (HONDO)","University Health","adzuna",0.800
"d89c4c79-511e-49b0-bbd8-1112a832526b","Mental Health Nurse Practitioner","Headway - Design & Development","adzuna","12c7b213-fda8-4193-9525-941bb2339b87","Licensed Psychiatric Mental Health Nurse Practitioner","Headway","adzuna",0.800
"b83f51f1-4a16-430a-ad46-7c4bd594ebe3","Nurse Practitioner / Psychiatry / Michigan / Locums to Perm / Locums to Perm/Psych NP/Near Detroit MI","Hayman Daugherty Associates","adzuna","2a375971-505f-41ad-9ac6-30c102dcbf3b","Nurse Practitioner / Psychiatry / Michigan / Locums to Perm / Locums to Perm/Psych NP/Central Michigan","Hayman Daugherty Associates","adzuna",0.824
"117616a2-baa2-4f3b-b00e-c25004b837b5","Full Time Primary Nurse Practitioner","CareMed Group","adzuna","73c9a17a-7555-4cf0-b732-adb24c900548","Full Time Primary Nurse Practitioner - Waterville, OH","CareMed","adzuna",0.909
"117616a2-baa2-4f3b-b00e-c25004b837b5","Full Time Primary Nurse Practitioner","CareMed Group","adzuna","4d66c4a4-6fe4-4029-96db-b07d177d0f50","Full Time Primary Care Nurse Practitioner - Akron, OH","CareMed","adzuna",0.833
"59c70060-58dd-4c35-aba2-5727c87fdf5a","Sr. Clinical Instructor - Psychiatric mental health","Emory","adzuna","d37efbe5-f81c-482f-989d-0a6a9705b96d","Sr. Clinical Instructor - Psychiatric mental health","Emory Healthcare/Emory University","adzuna",1.000
"06ad418c-9f24-4a6c-bc5a-44fccfd62ccf","Psychiatric Nurse Practitioner (PMHNP)","LifeStance Health","adzuna","8d9edd9f-ce56-481d-b493-0bdfef81f922","PMHNP - Psychiatric Mental Health Nurse Practitioner","LifeStance Health","adzuna",0.800
"06ad418c-9f24-4a6c-bc5a-44fccfd62ccf","Psychiatric Nurse Practitioner (PMHNP)","LifeStance Health","adzuna","75d64ffb-3ffc-4018-978f-325cfcda7163","Psychiatric Nurse Practitioner (PMHNP) - La Honda, CA","LifeStance Health","adzuna",0.889
"06ad418c-9f24-4a6c-bc5a-44fccfd62ccf","Psychiatric Nurse Practitioner (PMHNP)","LifeStance Health","adzuna","18d07018-3b4d-4493-a35c-6fd9c6a3c84a","Psychiatric Nurse Practitioner (PMHNP) - Mountain View, CA","LifeStance Health","adzuna",0.800
"06ad418c-9f24-4a6c-bc5a-44fccfd62ccf","Psychiatric Nurse Practitioner (PMHNP)","LifeStance Health","adzuna","29510103-ff4a-4399-9fe2-c136fcf604e1","Psychiatric Nurse Practitioner (PMHNP) - San Rafael, CA","LifeStance Health","adzuna",0.800
"06ad418c-9f24-4a6c-bc5a-44fccfd62ccf","Psychiatric Nurse Practitioner (PMHNP)","LifeStance Health","adzuna","9f3f8c99-e1b3-4940-a4b8-26600cec76c1","Psychiatric Nurse Practitioner (PMHNP) - Moss Beach, CA","LifeStance Health","adzuna",0.800
"06ad418c-9f24-4a6c-bc5a-44fccfd62ccf","Psychiatric Nurse Practitioner (PMHNP)","LifeStance Health","adzuna","1e702b81-553c-4925-9bf1-a863e34c9dae","Psychiatric Nurse Practitioner (PMHNP) - Cupertino, CA","LifeStance Health","adzuna",0.889
"06ad418c-9f24-4a6c-bc5a-44fccfd62ccf","Psychiatric Nurse Practitioner (PMHNP)","LifeStance Health","adzuna","05efe1ad-9b3a-4b4a-b11b-1dee1994469c","Psychiatric Nurse Practitioner (PMHNP) - Tracy, CA","LifeStance Health","adzuna",0.889
"06ad418c-9f24-4a6c-bc5a-44fccfd62ccf","Psychiatric Nurse Practitioner (PMHNP)","LifeStance Health","adzuna","19f5c6eb-d9f0-4aca-b46d-0a11698d8ab8","Psychiatric Nurse Practitioner (PMHNP) - Knoxville, TN","LifeStance Health","adzuna",0.889
"06ad418c-9f24-4a6c-bc5a-44fccfd62ccf","Psychiatric Nurse Practitioner (PMHNP)","LifeStance Health","adzuna","13934138-ef4d-4a5c-b98c-8921ba3d59c2","Psychiatric Nurse Practitioner (PMHNP) - Olympia, WA","LifeStance Health","adzuna",0.889
"06ad418c-9f24-4a6c-bc5a-44fccfd62ccf","Psychiatric Nurse Practitioner (PMHNP)","LifeStance Health","adzuna","f6daae78-a555-40fa-9b7d-b6446037646f","Psychiatric Nurse Practitioner (PMHNP) - Stockbridge, GA","LifeStance Health","adzuna",0.889
"06ad418c-9f24-4a6c-bc5a-44fccfd62ccf","Psychiatric Nurse Practitioner (PMHNP)","LifeStance Health","adzuna","ba345b87-b894-4001-a6bb-ed8c096155a7","Nurse Practitioner (PMHNP)","LifeStance Health","adzuna",0.857
"80e54548-1964-467a-b900-329c4bc7974c","Outpatient PMHNP","Mindpath Health","adzuna","3bb29c27-cf82-40a0-8764-c4dd96157520","Outpatient Psychiatrist or PMHNP","Mindpath Health","adzuna",0.800
"4693b8cd-715c-4139-837c-a0d732238fdf","Psychiatrist Outpatient Only","LifeStance Health","adzuna","08c5cfca-ec96-4a5e-99a3-cf7973d6b3ef","Outpatient Psychiatrist","LifeStance Health","adzuna",0.800
"fa95b4fc-fed9-483f-9ab6-c551ffa6a4b9","Licensed Mental Health Therapist","LifeStance Health","adzuna","23a26bbc-088f-4127-b8c5-563d563a5199","Licensed Mental Health Therapist - Colton OR","LifeStance Health","adzuna",0.889
"52af198a-7daf-47d8-93ac-0c2fc9542b90","Licensed Mental Health Therapist (LCSW LPC LMFT)","LifeStance Health","adzuna","043a1f6f-243b-4e8e-bb6b-d600fde5451e","Licensed Mental Health Therapist (LMFT, LCSW, LPCC)","LifeStance Health","adzuna",0.857
"9ca498d7-4473-4b65-9543-141c49cbc5ba","Clinical Outpatient Testing Psychologist","LifeStance Health","adzuna","f35b96b9-4a03-4dde-bea3-ae8bb58b3916","Clinical Psychologist (outpatient)","LifeStance Health","adzuna",0.857
"3335365c-488a-40c5-b6ed-409e1843e2bd","Child Mental Health Therapist - Outpatient - (LISW, LPCC, IMFT)","LifeStance Health","adzuna","a44016bd-25c6-44eb-9b9e-baa8f03257f2","Mental Health Therapist - Outpatient - (LISW, LPCC, IMFT)","LifeStance Health","adzuna",0.933
"bce24b7f-1599-4d85-911d-7623ec12892e","Licensed Clinical Social Worker","LifeStance Health","adzuna","13980a6a-8844-4108-ab78-2575c14ffc73","Licensed Independent Clinical Social Worker (LICSW)","LifeStance Health","adzuna",0.800
"bce24b7f-1599-4d85-911d-7623ec12892e","Licensed Clinical Social Worker","LifeStance Health","adzuna","2458ad37-5b64-40cd-aac2-2dd9f951c2bc","Licensed Clinical Social Worker (LCSW / LICSW )","LifeStance Health","adzuna",0.800
"bce24b7f-1599-4d85-911d-7623ec12892e","Licensed Clinical Social Worker","LifeStance Health","adzuna","f0035571-73b8-4714-9285-54cafbb3cffd","Licensed Clinical Social Worker (LCSW) - Gresham OR","LifeStance Health","adzuna",0.800
"bce24b7f-1599-4d85-911d-7623ec12892e","Licensed Clinical Social Worker","LifeStance Health","adzuna","b49a00db-8a9c-4a52-81ce-56482282a3ad","Licensed Clinical Social Worker (LCSW)","LifeStance Health","adzuna",0.889
"13980a6a-8844-4108-ab78-2575c14ffc73","Licensed Independent Clinical Social Worker (LICSW)","LifeStance Health","adzuna","2458ad37-5b64-40cd-aac2-2dd9f951c2bc","Licensed Clinical Social Worker (LCSW / LICSW )","LifeStance Health","adzuna",0.833
"2458ad37-5b64-40cd-aac2-2dd9f951c2bc","Licensed Clinical Social Worker (LCSW / LICSW )","LifeStance Health","adzuna","f0035571-73b8-4714-9285-54cafbb3cffd","Licensed Clinical Social Worker (LCSW) - Gresham OR","LifeStance Health","adzuna",0.833
"2458ad37-5b64-40cd-aac2-2dd9f951c2bc","Licensed Clinical Social Worker (LCSW / LICSW )","LifeStance Health","adzuna","b49a00db-8a9c-4a52-81ce-56482282a3ad","Licensed Clinical Social Worker (LCSW)","LifeStance Health","adzuna",0.909
"059442c5-1c3e-4531-8f8b-7c8a0e02b284","Travel Behavioral Health RN - $2,294 per week","Focus","adzuna","7714f8c8-4f9e-4774-b41b-73fb736f605d","Travel Behavioral Health RN - $1,982 per week","Focus Staff","adzuna",0.833
"8d9edd9f-ce56-481d-b493-0bdfef81f922","PMHNP - Psychiatric Mental Health Nurse Practitioner","LifeStance Health","adzuna","3932000f-e7ea-4b4f-86db-c14777b269c1","Psychiatric Mental Health Nurse Practitioner - Stockbridge, GA","LifeStance Health","adzuna",0.833
"8d9edd9f-ce56-481d-b493-0bdfef81f922","PMHNP - Psychiatric Mental Health Nurse Practitioner","LifeStance Health","adzuna","4b59a82d-9cee-4682-916e-95a25d20859f","Psychiatric Mental Health Nurse Practitioner - Fayetteville, GA","LifeStance Health","adzuna",0.833
"8d9edd9f-ce56-481d-b493-0bdfef81f922","PMHNP - Psychiatric Mental Health Nurse Practitioner","LifeStance Health","adzuna","09767dff-4c06-40bc-a6ab-35dd6693ef99","Psychiatric Mental Health Nurse Practitioner - Covington, GA","LifeStance Health","adzuna",0.833
"8d9edd9f-ce56-481d-b493-0bdfef81f922","PMHNP - Psychiatric Mental Health Nurse Practitioner","LifeStance Health","adzuna","fa71ba83-ca4b-44a4-a870-fd7c4844d3e0","Psychiatric Mental Health Nurse Practitioner - Mcdonough, GA","LifeStance Health","adzuna",0.833
"8d9edd9f-ce56-481d-b493-0bdfef81f922","PMHNP - Psychiatric Mental Health Nurse Practitioner","LifeStance Health","adzuna","6bd2813d-59b8-4dfb-8622-d22244d11e1a","Psychiatric Mental Health Nurse Practitioner - Olympia, WA","LifeStance Health","adzuna",0.833
"8d9edd9f-ce56-481d-b493-0bdfef81f922","PMHNP - Psychiatric Mental Health Nurse Practitioner","LifeStance Health","adzuna","34e37e82-b559-46e9-a636-dcb856ae1b78","Psychiatric Mental Health Nurse Practitioner - Sharpsburg, GA","LifeStance Health","adzuna",0.833
"8d9edd9f-ce56-481d-b493-0bdfef81f922","PMHNP - Psychiatric Mental Health Nurse Practitioner","LifeStance Health","adzuna","77f083be-1bde-4618-9a42-fe55c64cfa70","Psychiatric Mental Health Nurse Practitioner - Knoxville, TN","LifeStance Health","adzuna",0.833
"aea5ab8c-5dee-499e-ac9e-7cc1c467bdf8","Psychiatric Mental Health Nurse Practitioner PMHNP or Psych PA","LifeSource, Inc.","adzuna","8699e9cc-0ebf-4a93-9c26-f088f951fdd2","Psychiatric Mental Health Nurse Practitioner PMHNP","LifeSource, Inc.","adzuna",0.923
"aea5ab8c-5dee-499e-ac9e-7cc1c467bdf8","Psychiatric Mental Health Nurse Practitioner PMHNP or Psych PA","LifeSource, Inc.","adzuna","abba420f-63e1-4c3f-ba24-7cff40e0c12d","PMHNP Psychiatric Mental Health Nurse NP","LifeSource, Inc.","adzuna",0.833
"aea5ab8c-5dee-499e-ac9e-7cc1c467bdf8","Psychiatric Mental Health Nurse Practitioner PMHNP or Psych PA","LifeSource, Inc.","adzuna","ac667503-eaf0-4e99-91cd-65ff86d925b9","PMHNP Psychiatric Mental Health Nurse Practitioner","LifeSource, Inc.","adzuna",0.923
"1de703da-cd06-477c-92af-491aba904e0b","Behavioral Health Services Manager - Corporate","PACE Southeast Michigan","adzuna","bae1b7f1-1f86-48f0-bee5-b9e037687625","Behavioral Health Services Manager","PACE Southeast Michigan","adzuna",0.889
"3f8a2d89-f991-4064-a20c-b661d2f4e683","Physician / Internal Medicine / Arizona / Permanent / Adult Medicine Opening in Phoenix Suburbs - 4-Day Workweek/No Call, No Weekends Job","Enterprise Medical Recruiting","adzuna","8da4531d-0cf1-41e9-863b-f652c3e2b8d8","Physician / Geriatrics / Arizona / Permanent / Geriatrics Opening in Phoenix Suburbs - 4-Day Workweek/No Call, No Weekends Job","Enterprise Medical Recruiting","adzuna",0.846
"7b523f84-8cc0-49bc-8846-ac675e03387f","Physician / Family Practice / Colorado / Permanent / Family Medicine for Outpatient Practice in Denver, Colorado - 401K Plan Job","Enterprise Medical Recruiting","adzuna","6a873b84-a049-4493-a2c7-bb04c30f6bc1","Physician / Geriatrics / Colorado / Permanent / Geriatric Position for Outpatient Practice in Denver, Colorado - 401K Plan Job","Enterprise Medical Recruiting","adzuna",0.800
"f565c738-fc2f-47f0-ada9-de4bc64ead09","Physician / Internal Medicine / Maine / Permanent / Medical Director","Enterprise Medical Recruiting","adzuna","ed10d4c0-8764-420a-9bca-fa13a59e5e88","Physician / Internal Medicine / Maine / Permanent / Medical Director - Internal Medicine - Lakes Region of Maine Job","Enterprise Medical Recruiting","adzuna",0.824
"7078864c-63bf-49af-94b4-52d298af3622","Psych Nurse Practitioner - Stafford & Mansfield CT","Impact Health Pc","adzuna","9874026e-b8d6-4897-a373-7a1aa9dcb6e4","Psych Nurse Practitioner (Part Time) - Stafford & Mansfield CT","Impact Health Pc","adzuna",0.833
"cb110684-7bdd-4be7-b45b-9206dc65a373","PRN Family & Psychiatric Nurse Practitioner","Advanced Recovery Systems, LLC","adzuna","fc173185-2826-4f89-b672-ce4d1437561e","PRN Psychiatric Family Nurse Practitioner","Advanced Recovery Systems, LLC","adzuna",1.000
"425f8b6a-0e02-4a97-8469-676a2246b403","Psychiatric Mental Health Nurse Practitioner - San Francisco, CA","LifeStance Health","adzuna","bb12d731-ddf0-40ea-9d79-3e63ca2f06c5","Nurse Practitioner (Psychiatric ) - San Francisco, CA","LifeStance Health","adzuna",0.833
"75d64ffb-3ffc-4018-978f-325cfcda7163","Psychiatric Nurse Practitioner (PMHNP) - La Honda, CA","LifeStance Health","adzuna","1e702b81-553c-4925-9bf1-a863e34c9dae","Psychiatric Nurse Practitioner (PMHNP) - Cupertino, CA","LifeStance Health","adzuna",0.800
"75d64ffb-3ffc-4018-978f-325cfcda7163","Psychiatric Nurse Practitioner (PMHNP) - La Honda, CA","LifeStance Health","adzuna","05efe1ad-9b3a-4b4a-b11b-1dee1994469c","Psychiatric Nurse Practitioner (PMHNP) - Tracy, CA","LifeStance Health","adzuna",0.800
"75d64ffb-3ffc-4018-978f-325cfcda7163","Psychiatric Nurse Practitioner (PMHNP) - La Honda, CA","LifeStance Health","adzuna","19f5c6eb-d9f0-4aca-b46d-0a11698d8ab8","Psychiatric Nurse Practitioner (PMHNP) - Knoxville, TN","LifeStance Health","adzuna",0.800
"75d64ffb-3ffc-4018-978f-325cfcda7163","Psychiatric Nurse Practitioner (PMHNP) - La Honda, CA","LifeStance Health","adzuna","13934138-ef4d-4a5c-b98c-8921ba3d59c2","Psychiatric Nurse Practitioner (PMHNP) - Olympia, WA","LifeStance Health","adzuna",0.800
"75d64ffb-3ffc-4018-978f-325cfcda7163","Psychiatric Nurse Practitioner (PMHNP) - La Honda, CA","LifeStance Health","adzuna","f6daae78-a555-40fa-9b7d-b6446037646f","Psychiatric Nurse Practitioner (PMHNP) - Stockbridge, GA","LifeStance Health","adzuna",0.800
"bb12d731-ddf0-40ea-9d79-3e63ca2f06c5","Nurse Practitioner (Psychiatric ) - San Francisco, CA","LifeStance Health","adzuna","540b43cc-41ca-454a-a3bb-e0de58b80d5e","Psychiatric Nurse Practitioner (PMHNP) - South San Francisco, CA","LifeStance Health","adzuna",0.833
"1e702b81-553c-4925-9bf1-a863e34c9dae","Psychiatric Nurse Practitioner (PMHNP) - Cupertino, CA","LifeStance Health","adzuna","05efe1ad-9b3a-4b4a-b11b-1dee1994469c","Psychiatric Nurse Practitioner (PMHNP) - Tracy, CA","LifeStance Health","adzuna",0.800
"1e702b81-553c-4925-9bf1-a863e34c9dae","Psychiatric Nurse Practitioner (PMHNP) - Cupertino, CA","LifeStance Health","adzuna","19f5c6eb-d9f0-4aca-b46d-0a11698d8ab8","Psychiatric Nurse Practitioner (PMHNP) - Knoxville, TN","LifeStance Health","adzuna",0.800
"1e702b81-553c-4925-9bf1-a863e34c9dae","Psychiatric Nurse Practitioner (PMHNP) - Cupertino, CA","LifeStance Health","adzuna","13934138-ef4d-4a5c-b98c-8921ba3d59c2","Psychiatric Nurse Practitioner (PMHNP) - Olympia, WA","LifeStance Health","adzuna",0.800
"1e702b81-553c-4925-9bf1-a863e34c9dae","Psychiatric Nurse Practitioner (PMHNP) - Cupertino, CA","LifeStance Health","adzuna","f6daae78-a555-40fa-9b7d-b6446037646f","Psychiatric Nurse Practitioner (PMHNP) - Stockbridge, GA","LifeStance Health","adzuna",0.800
"05efe1ad-9b3a-4b4a-b11b-1dee1994469c","Psychiatric Nurse Practitioner (PMHNP) - Tracy, CA","LifeStance Health","adzuna","19f5c6eb-d9f0-4aca-b46d-0a11698d8ab8","Psychiatric Nurse Practitioner (PMHNP) - Knoxville, TN","LifeStance Health","adzuna",0.800
"05efe1ad-9b3a-4b4a-b11b-1dee1994469c","Psychiatric Nurse Practitioner (PMHNP) - Tracy, CA","LifeStance Health","adzuna","13934138-ef4d-4a5c-b98c-8921ba3d59c2","Psychiatric Nurse Practitioner (PMHNP) - Olympia, WA","LifeStance Health","adzuna",0.800
"05efe1ad-9b3a-4b4a-b11b-1dee1994469c","Psychiatric Nurse Practitioner (PMHNP) - Tracy, CA","LifeStance Health","adzuna","f6daae78-a555-40fa-9b7d-b6446037646f","Psychiatric Nurse Practitioner (PMHNP) - Stockbridge, GA","LifeStance Health","adzuna",0.800
"d46c04d6-6cf8-4f82-ad0c-040133a1e157","Psychiatric Nurse Practitioner, Part-Time","Wellpath","adzuna","d03ea1cc-38de-41ef-9af1-a439aeab848b","Psychiatric Nurse Practitioner (NP)","Wellpath","adzuna",0.857
"5338bf35-935f-48f9-81ba-e645e6e5c9da","Nurse Practitioner Psychiatric (PMHNP)","Wellpath","adzuna","d03ea1cc-38de-41ef-9af1-a439aeab848b","Psychiatric Nurse Practitioner (NP)","Wellpath","adzuna",0.857
"2776827f-6c38-46eb-a302-003256867199","Crisis Psychiatric Nurse Practitioner (PMHNP)","TTF","adzuna","e433f425-f0bc-43d3-bab7-bf97e4dad7fa","Psychiatric Nurse Practitioner (PMHNP)","TTF","adzuna",0.889
"8699e9cc-0ebf-4a93-9c26-f088f951fdd2","Psychiatric Mental Health Nurse Practitioner PMHNP","LifeSource, Inc.","adzuna","abba420f-63e1-4c3f-ba24-7cff40e0c12d","PMHNP Psychiatric Mental Health Nurse NP","LifeSource, Inc.","adzuna",0.909
"8699e9cc-0ebf-4a93-9c26-f088f951fdd2","Psychiatric Mental Health Nurse Practitioner PMHNP","LifeSource, Inc.","adzuna","ac667503-eaf0-4e99-91cd-65ff86d925b9","PMHNP Psychiatric Mental Health Nurse Practitioner","LifeSource, Inc.","adzuna",1.000
"abba420f-63e1-4c3f-ba24-7cff40e0c12d","PMHNP Psychiatric Mental Health Nurse NP","LifeSource, Inc.","adzuna","ac667503-eaf0-4e99-91cd-65ff86d925b9","PMHNP Psychiatric Mental Health Nurse Practitioner","LifeSource, Inc.","adzuna",0.909
"b697d631-0f13-4128-a5fa-295b9ca0f99b","Nurse Practitioner Psychiatric Hourly","Wellpath","adzuna","d03ea1cc-38de-41ef-9af1-a439aeab848b","Psychiatric Nurse Practitioner (NP)","Wellpath","adzuna",0.857
"b697d631-0f13-4128-a5fa-295b9ca0f99b","Nurse Practitioner Psychiatric Hourly","Wellpath","adzuna","da0ee776-cf8c-46ba-8d73-169423021875","Psychiatric Nurse Practitioner (NP) Hourly","Wellpath","adzuna",1.000
"3932000f-e7ea-4b4f-86db-c14777b269c1","Psychiatric Mental Health Nurse Practitioner - Stockbridge, GA","LifeStance Health","adzuna","4b59a82d-9cee-4682-916e-95a25d20859f","Psychiatric Mental Health Nurse Practitioner - Fayetteville, GA","LifeStance Health","adzuna",0.833
"3932000f-e7ea-4b4f-86db-c14777b269c1","Psychiatric Mental Health Nurse Practitioner - Stockbridge, GA","LifeStance Health","adzuna","09767dff-4c06-40bc-a6ab-35dd6693ef99","Psychiatric Mental Health Nurse Practitioner - Covington, GA","LifeStance Health","adzuna",0.833
"3932000f-e7ea-4b4f-86db-c14777b269c1","Psychiatric Mental Health Nurse Practitioner - Stockbridge, GA","LifeStance Health","adzuna","fa71ba83-ca4b-44a4-a870-fd7c4844d3e0","Psychiatric Mental Health Nurse Practitioner - Mcdonough, GA","LifeStance Health","adzuna",0.833
"3932000f-e7ea-4b4f-86db-c14777b269c1","Psychiatric Mental Health Nurse Practitioner - Stockbridge, GA","LifeStance Health","adzuna","6bd2813d-59b8-4dfb-8622-d22244d11e1a","Psychiatric Mental Health Nurse Practitioner - Olympia, WA","LifeStance Health","adzuna",0.833
"3932000f-e7ea-4b4f-86db-c14777b269c1","Psychiatric Mental Health Nurse Practitioner - Stockbridge, GA","LifeStance Health","adzuna","a9649fef-9586-4dee-8025-34a1e315127d","Nurse Practitioner (Psychiatric ) - Stockbridge, GA","LifeStance Health","adzuna",0.800
"3932000f-e7ea-4b4f-86db-c14777b269c1","Psychiatric Mental Health Nurse Practitioner - Stockbridge, GA","LifeStance Health","adzuna","34e37e82-b559-46e9-a636-dcb856ae1b78","Psychiatric Mental Health Nurse Practitioner - Sharpsburg, GA","LifeStance Health","adzuna",0.833
"3932000f-e7ea-4b4f-86db-c14777b269c1","Psychiatric Mental Health Nurse Practitioner - Stockbridge, GA","LifeStance Health","adzuna","77f083be-1bde-4618-9a42-fe55c64cfa70","Psychiatric Mental Health Nurse Practitioner - Knoxville, TN","LifeStance Health","adzuna",0.833
"4b59a82d-9cee-4682-916e-95a25d20859f","Psychiatric Mental Health Nurse Practitioner - Fayetteville, GA","LifeStance Health","adzuna","09767dff-4c06-40bc-a6ab-35dd6693ef99","Psychiatric Mental Health Nurse Practitioner - Covington, GA","LifeStance Health","adzuna",0.833
"4b59a82d-9cee-4682-916e-95a25d20859f","Psychiatric Mental Health Nurse Practitioner - Fayetteville, GA","LifeStance Health","adzuna","fa71ba83-ca4b-44a4-a870-fd7c4844d3e0","Psychiatric Mental Health Nurse Practitioner - Mcdonough, GA","LifeStance Health","adzuna",0.833
"4b59a82d-9cee-4682-916e-95a25d20859f","Psychiatric Mental Health Nurse Practitioner - Fayetteville, GA","LifeStance Health","adzuna","6bd2813d-59b8-4dfb-8622-d22244d11e1a","Psychiatric Mental Health Nurse Practitioner - Olympia, WA","LifeStance Health","adzuna",0.833
"4b59a82d-9cee-4682-916e-95a25d20859f","Psychiatric Mental Health Nurse Practitioner - Fayetteville, GA","LifeStance Health","adzuna","34e37e82-b559-46e9-a636-dcb856ae1b78","Psychiatric Mental Health Nurse Practitioner - Sharpsburg, GA","LifeStance Health","adzuna",0.833
"4b59a82d-9cee-4682-916e-95a25d20859f","Psychiatric Mental Health Nurse Practitioner - Fayetteville, GA","LifeStance Health","adzuna","77f083be-1bde-4618-9a42-fe55c64cfa70","Psychiatric Mental Health Nurse Practitioner - Knoxville, TN","LifeStance Health","adzuna",0.833
"09767dff-4c06-40bc-a6ab-35dd6693ef99","Psychiatric Mental Health Nurse Practitioner - Covington, GA","LifeStance Health","adzuna","fa71ba83-ca4b-44a4-a870-fd7c4844d3e0","Psychiatric Mental Health Nurse Practitioner - Mcdonough, GA","LifeStance Health","adzuna",0.833
"09767dff-4c06-40bc-a6ab-35dd6693ef99","Psychiatric Mental Health Nurse Practitioner - Covington, GA","LifeStance Health","adzuna","6bd2813d-59b8-4dfb-8622-d22244d11e1a","Psychiatric Mental Health Nurse Practitioner - Olympia, WA","LifeStance Health","adzuna",0.833
"09767dff-4c06-40bc-a6ab-35dd6693ef99","Psychiatric Mental Health Nurse Practitioner - Covington, GA","LifeStance Health","adzuna","34e37e82-b559-46e9-a636-dcb856ae1b78","Psychiatric Mental Health Nurse Practitioner - Sharpsburg, GA","LifeStance Health","adzuna",0.833
"09767dff-4c06-40bc-a6ab-35dd6693ef99","Psychiatric Mental Health Nurse Practitioner - Covington, GA","LifeStance Health","adzuna","77f083be-1bde-4618-9a42-fe55c64cfa70","Psychiatric Mental Health Nurse Practitioner - Knoxville, TN","LifeStance Health","adzuna",0.833
"fa71ba83-ca4b-44a4-a870-fd7c4844d3e0","Psychiatric Mental Health Nurse Practitioner - Mcdonough, GA","LifeStance Health","adzuna","6bd2813d-59b8-4dfb-8622-d22244d11e1a","Psychiatric Mental Health Nurse Practitioner - Olympia, WA","LifeStance Health","adzuna",0.833
"fa71ba83-ca4b-44a4-a870-fd7c4844d3e0","Psychiatric Mental Health Nurse Practitioner - Mcdonough, GA","LifeStance Health","adzuna","34e37e82-b559-46e9-a636-dcb856ae1b78","Psychiatric Mental Health Nurse Practitioner - Sharpsburg, GA","LifeStance Health","adzuna",0.833
"fa71ba83-ca4b-44a4-a870-fd7c4844d3e0","Psychiatric Mental Health Nurse Practitioner - Mcdonough, GA","LifeStance Health","adzuna","77f083be-1bde-4618-9a42-fe55c64cfa70","Psychiatric Mental Health Nurse Practitioner - Knoxville, TN","LifeStance Health","adzuna",0.833
"770ddc07-14c6-4b0c-8129-6223aed932f4","Nurse Practitioner (Psychiatric ) - Olympia, WA","LifeStance Health","adzuna","6bd2813d-59b8-4dfb-8622-d22244d11e1a","Psychiatric Mental Health Nurse Practitioner - Olympia, WA","LifeStance Health","adzuna",0.800
"770ddc07-14c6-4b0c-8129-6223aed932f4","Nurse Practitioner (Psychiatric ) - Olympia, WA","LifeStance Health","adzuna","13934138-ef4d-4a5c-b98c-8921ba3d59c2","Psychiatric Nurse Practitioner (PMHNP) - Olympia, WA","LifeStance Health","adzuna",0.889
"6bd2813d-59b8-4dfb-8622-d22244d11e1a","Psychiatric Mental Health Nurse Practitioner - Olympia, WA","LifeStance Health","adzuna","34e37e82-b559-46e9-a636-dcb856ae1b78","Psychiatric Mental Health Nurse Practitioner - Sharpsburg, GA","LifeStance Health","adzuna",0.833
"6bd2813d-59b8-4dfb-8622-d22244d11e1a","Psychiatric Mental Health Nurse Practitioner - Olympia, WA","LifeStance Health","adzuna","77f083be-1bde-4618-9a42-fe55c64cfa70","Psychiatric Mental Health Nurse Practitioner - Knoxville, TN","LifeStance Health","adzuna",0.833
"a9649fef-9586-4dee-8025-34a1e315127d","Nurse Practitioner (Psychiatric ) - Stockbridge, GA","LifeStance Health","adzuna","f6daae78-a555-40fa-9b7d-b6446037646f","Psychiatric Nurse Practitioner (PMHNP) - Stockbridge, GA","LifeStance Health","adzuna",0.889
"34e37e82-b559-46e9-a636-dcb856ae1b78","Psychiatric Mental Health Nurse Practitioner - Sharpsburg, GA","LifeStance Health","adzuna","77f083be-1bde-4618-9a42-fe55c64cfa70","Psychiatric Mental Health Nurse Practitioner - Knoxville, TN","LifeStance Health","adzuna",0.833
"2238b5ec-ef69-48a2-b6c5-e30cc5b117dc","Psychiatric-Mental Health Nurse Practitioner - $120 - $130/yearly (Venice)","DocCafe","adzuna","fc8b2841-f8b9-4fe7-a519-ae16695a8090","Psychiatric-Mental Health Nurse Practitioner - $120 - $130/yearly (Port Charlotte)","DocCafe","adzuna",0.800
"982961aa-7b72-4532-ad38-8b329f20985c","Psychiatric-Mental Health Nurse Practitioner - Competitive Salary (Staten Island)","DocCafe","adzuna","056f67b4-913d-4f4e-a5b0-edb913692672","Psychiatric-Mental Health Nurse Practitioner - Competitive Salary","DocCafe","adzuna",0.857
"0f6c5cda-bf44-44c3-8483-69791500871f","Psychiatric-Mental Health Nurse Practitioner - Competitive Salary (Rehoboth Beach)","DocCafe","adzuna","056f67b4-913d-4f4e-a5b0-edb913692672","Psychiatric-Mental Health Nurse Practitioner - Competitive Salary","DocCafe","adzuna",0.857
"12c7b213-fda8-4193-9525-941bb2339b87","Licensed Psychiatric Mental Health Nurse Practitioner","Headway","adzuna","e56a4d8f-d7f2-466f-9e1a-a0204c20dcf4","Licensed Psychiatric Nurse Practitioner","Headway","adzuna",0.800
"f0035571-73b8-4714-9285-54cafbb3cffd","Licensed Clinical Social Worker (LCSW) - Gresham OR","LifeStance Health","adzuna","b49a00db-8a9c-4a52-81ce-56482282a3ad","Licensed Clinical Social Worker (LCSW)","LifeStance Health","adzuna",0.909
"d03ea1cc-38de-41ef-9af1-a439aeab848b","Psychiatric Nurse Practitioner (NP)","Wellpath","adzuna","da0ee776-cf8c-46ba-8d73-169423021875","Psychiatric Nurse Practitioner (NP) Hourly","Wellpath","adzuna",0.857
"63b22d99-85f4-40e1-84ee-751113a82c81","Nurse Practitioner (PMHNP) - Wartburg, TN","LifeStance Health","adzuna","ba345b87-b894-4001-a6bb-ed8c096155a7","Nurse Practitioner (PMHNP)","LifeStance Health","adzuna",0.857
"cb9ac05b-8350-418b-8cdc-720e717ea26d","Nurse Practitioner (PMHNP) - Seymour, TN","LifeStance Health","adzuna","ba345b87-b894-4001-a6bb-ed8c096155a7","Nurse Practitioner (PMHNP)","LifeStance Health","adzuna",0.857
"77f083be-1bde-4618-9a42-fe55c64cfa70","Psychiatric Mental Health Nurse Practitioner - Knoxville, TN","LifeStance Health","adzuna","d5245520-a623-45d8-9961-ae38e8d950ec","Nurse Practitioner (Psychiatric ) - Knoxville, TN","LifeStance Health","adzuna",0.800
"9df4f7f5-36ca-46b2-922a-2e4256767a94","Nurse Practitioner (PMHNP) - Harriman, TN","LifeStance Health","adzuna","ba345b87-b894-4001-a6bb-ed8c096155a7","Nurse Practitioner (PMHNP)","LifeStance Health","adzuna",0.857
"91df66b7-6a7c-42db-93ed-5572c0ce8b98","Nurse Practitioner (PMHNP) - Rockford, TN","LifeStance Health","adzuna","ba345b87-b894-4001-a6bb-ed8c096155a7","Nurse Practitioner (PMHNP)","LifeStance Health","adzuna",0.857
"7cbe2d22-d76c-488b-be28-2b3bc651aa22","Nurse Practitioner (PMHNP) - Morristown, TN","LifeStance Health","adzuna","ba345b87-b894-4001-a6bb-ed8c096155a7","Nurse Practitioner (PMHNP)","LifeStance Health","adzuna",0.857
"dc3bac80-0ff4-4178-81f7-e2ecdc2e81e5","Nurse Practitioner (PMHNP) - Greenback, TN","LifeStance Health","adzuna","ba345b87-b894-4001-a6bb-ed8c096155a7","Nurse Practitioner (PMHNP)","LifeStance Health","adzuna",0.857
"a88478dd-bf91-4790-b2cf-fb693a5ea3fa","Nurse Practitioner (PMHNP) - Knoxville, TN","LifeStance Health","adzuna","19f5c6eb-d9f0-4aca-b46d-0a11698d8ab8","Psychiatric Nurse Practitioner (PMHNP) - Knoxville, TN","LifeStance Health","adzuna",0.889
"a88478dd-bf91-4790-b2cf-fb693a5ea3fa","Nurse Practitioner (PMHNP) - Knoxville, TN","LifeStance Health","adzuna","ba345b87-b894-4001-a6bb-ed8c096155a7","Nurse Practitioner (PMHNP)","LifeStance Health","adzuna",0.857
"caa3b3bd-ab4f-43be-a04d-d96acb9b8fa5","Nurse Practitioner (PMHNP) - Loudon, TN","LifeStance Health","adzuna","ba345b87-b894-4001-a6bb-ed8c096155a7","Nurse Practitioner (PMHNP)","LifeStance Health","adzuna",0.857
"e48a620f-f68f-474d-ab7a-c32c1e6b4f3d","Nurse Practitioner (PMHNP) - Walland, TN","LifeStance Health","adzuna","ba345b87-b894-4001-a6bb-ed8c096155a7","Nurse Practitioner (PMHNP)","LifeStance Health","adzuna",0.857
"19f5c6eb-d9f0-4aca-b46d-0a11698d8ab8","Psychiatric Nurse Practitioner (PMHNP) - Knoxville, TN","LifeStance Health","adzuna","13934138-ef4d-4a5c-b98c-8921ba3d59c2","Psychiatric Nurse Practitioner (PMHNP) - Olympia, WA","LifeStance Health","adzuna",0.800
"19f5c6eb-d9f0-4aca-b46d-0a11698d8ab8","Psychiatric Nurse Practitioner (PMHNP) - Knoxville, TN","LifeStance Health","adzuna","f6daae78-a555-40fa-9b7d-b6446037646f","Psychiatric Nurse Practitioner (PMHNP) - Stockbridge, GA","LifeStance Health","adzuna",0.800
"19f5c6eb-d9f0-4aca-b46d-0a11698d8ab8","Psychiatric Nurse Practitioner (PMHNP) - Knoxville, TN","LifeStance Health","adzuna","d5245520-a623-45d8-9961-ae38e8d950ec","Nurse Practitioner (Psychiatric ) - Knoxville, TN","LifeStance Health","adzuna",0.889
"13934138-ef4d-4a5c-b98c-8921ba3d59c2","Psychiatric Nurse Practitioner (PMHNP) - Olympia, WA","LifeStance Health","adzuna","f6daae78-a555-40fa-9b7d-b6446037646f","Psychiatric Nurse Practitioner (PMHNP) - Stockbridge, GA","LifeStance Health","adzuna",0.800
"9c25e2e1-37ac-4588-94cf-366e13330fcf","Nurse Practitioner (PMHNP) - Sevierville, TN","LifeStance Health","adzuna","ba345b87-b894-4001-a6bb-ed8c096155a7","Nurse Practitioner (PMHNP)","LifeStance Health","adzuna",0.857
"f16575f2-6167-4307-b45f-c8e2407e6385","Nurse Practitioner (PMHNP) - Sweetwater, TN","LifeStance Health","adzuna","ba345b87-b894-4001-a6bb-ed8c096155a7","Nurse Practitioner (PMHNP)","LifeStance Health","adzuna",0.857
"16b9e95f-b693-4bb0-bc7c-47751d6ec776","Nurse Practitioner (PMHNP) - Rutledge, TN","LifeStance Health","adzuna","ba345b87-b894-4001-a6bb-ed8c096155a7","Nurse Practitioner (PMHNP)","LifeStance Health","adzuna",0.857
"ce3f2382-b0ce-4431-ae1a-60813224b69d","Post-DNP Fellow (Psychiatry; PMHNP)","Lorenz Clinic","adzuna","f5429871-2fc4-429c-8046-5427ce8d8580","Post-DNP Fellow (Psychiatry; PMHNP)","The Lorenz Clinic","adzuna",1.000
"3e446eb6-5e76-4a33-9cf8-cde1f1d89497","Travel Psychiatric ICU Registered Nurse - $2,092 per week","Focus Staff","adzuna","db1cbf20-b9fe-4e08-9bed-3272800219cb","Travel Adolescent Psychiatric ICU RN - $2,092 per week","Focus Staff","adzuna",0.800
"3e446eb6-5e76-4a33-9cf8-cde1f1d89497","Travel Psychiatric ICU Registered Nurse - $2,092 per week","Focus Staff","adzuna","59dee908-6953-49e5-8982-bb91fb3c42fc","Travel Psychiatric ICU RN - $2,092 per week","Focus Staff","adzuna",0.857
"db1cbf20-b9fe-4e08-9bed-3272800219cb","Travel Adolescent Psychiatric ICU RN - $2,092 per week","Focus Staff","adzuna","59dee908-6953-49e5-8982-bb91fb3c42fc","Travel Psychiatric ICU RN - $2,092 per week","Focus Staff","adzuna",0.923
"e6896eae-de4b-46dc-bff8-e67c79ee3ac7","Bilingual Psychiatric Mental Health Nurse Practitioner","Mindify Wellness And Care","adzuna","f8a7a5ce-0e05-4870-b454-91ea790bbb8c","Psychiatric Mental Health Nurse Practitioner (PMHNP)","Mindify Wellness And Care","adzuna",0.833
"afec4a2e-5be6-4143-af2b-02c782aa14cd","Outpatient Psychiatrist or PMHNP - Hybrid Work Schedule","Mindpath Health","adzuna","2cc252e6-fa4a-4a62-a1c2-2476297bc240","Outpatient PMHNP - Hybrid Work Schedule","Mindpath Health","adzuna",0.909
"a38fd33e-853d-42fe-8020-7ae67e1a4795","Clinically Licensed Therapist - Part-time","Integrated Psychiatric Consultants","adzuna","4455f633-5873-4811-a584-76d84eeeb7b0","Clinically Licensed Therapist","Integrated Psychiatric Consultants","adzuna",0.857